Country,Title,Description,Weight,Spice Level,Type of Dish,Dry or Soup,Category,Machine Setting,Recommended Pairings,Pairings Description,Recommended Sides,Sides Description
South Korea,Shin Noodle Soup Original – Nongshim,"Shin Noodle Soup Original from Nongshim is a well-loved instant noodle from South Korea, built around original-style flavour. It’s broth-forward: aroma hits first, then the noodles soak up seasoning as they cook, giving you a fuller bowl with every minute. The noodle texture is a key highlight—springy and slightly chewy when hot, with a smooth surface that absorbs broth or clings to sauce, so the flavour carries evenly from first bite to last.",120g,0,Vegetarian-friendly*,Soup,Vegetarian,M5,"Mushrooms, Tofu, Cabbage",These toppings soften in the broth adding sweetness umami and freshness while boosting texture and making every sip richer aroma.,Shrimp katsu,Crispy shrimp katsu brings crunch and sweetness pairing with spicy noodles and giving a hearty bite between slurps umami aroma.
South Korea,Shin Red - Super Spicy – Nongshim,"Shin Red - Super Spicy from Nongshim is a well-loved instant noodle from South Korea, built around spicy-style flavour. It’s broth-forward: aroma hits first, then the noodles soak up seasoning as they cook, giving you a fuller bowl with every minute. The noodle texture is a key highlight—springy and slightly chewy when hot, with a smooth surface that absorbs broth or clings to sauce, so the flavour carries evenly from first bite to last.",120g,4,Vegetarian-friendly*,Soup,Vegetarian,M5,"Mushrooms, Tofu, Cabbage",These toppings soften in the broth adding sweetness umami and freshness while boosting texture and making every sip richer aroma.,Shrimp katsu,Crispy shrimp katsu brings crunch and sweetness pairing with spicy noodles and giving a hearty bite between slurps umami aroma.
South Korea,Shin Black - Premium – Nongshim,"Shin Black - Premium from Nongshim is a well-loved instant noodle from South Korea, built around black-style flavour. It’s broth-forward: aroma hits first, then the noodles soak up seasoning as they cook, giving you a fuller bowl with every minute. Fun note: No.1 Ramen in the World. The noodle texture is a key highlight—springy and slightly chewy when hot, with a smooth surface that absorbs broth or clings to sauce, so the flavour carries evenly from first bite to last.",130g,0,Vegetarian-friendly*,Soup,Vegetarian,M5,"Mushrooms, Tofu, Cabbage",These toppings soften in the broth adding sweetness umami and freshness while boosting texture and making every sip richer aroma.,Shrimp katsu,Crispy shrimp katsu brings crunch and sweetness pairing with spicy noodles and giving a hearty bite between slurps umami aroma.
South Korea,Tempura Udon – Nongshim,"Tempura Udon from Nongshim is a well-loved instant noodle from South Korea, built around tempura-style flavour. It’s broth-forward: aroma hits first, then the noodles soak up seasoning as they cook, giving you a fuller bowl with every minute. The noodle texture is a key highlight—springy and slightly chewy when hot, with a smooth surface that absorbs broth or clings to sauce, so the flavour carries evenly from first bite to last.",118g,0,Vegetarian-friendly*,Soup,Vegetarian,M5,"Mushrooms, Tofu, Cabbage",These toppings soften in the broth adding sweetness umami and freshness while boosting texture and making every sip richer aroma.,Shrimp katsu,Crispy shrimp katsu brings crunch and sweetness pairing with spicy noodles and giving a hearty bite between slurps umami aroma.
South Korea,Neoguri Seafood & Spicy – Nongshim,"Neoguri Seafood & Spicy from Nongshim is a well-loved instant noodle from South Korea, built around seafood-style flavour. It’s broth-forward: aroma hits first, then the noodles soak up seasoning as they cook, giving you a fuller bowl with every minute. The noodle texture is a key highlight—springy and slightly chewy when hot, with a smooth surface that absorbs broth or clings to sauce, so the flavour carries evenly from first bite to last.",120g,3,Seafood,Soup,Seafood,M5,"Crab sticks, Seaweed, Bok choy",These toppings soften in the broth adding sweetness umami and freshness while boosting texture and making every sip richer aroma.,Shrimp katsu,Crispy shrimp katsu brings crunch and sweetness pairing with spicy noodles and giving a hearty bite between slurps umami aroma.
South Korea,Soon Veggie – Nongshim,"Soon Veggie from Nongshim is a well-loved instant noodle from South Korea, built around vegetarian-style flavour. It’s broth-forward: aroma hits first, then the noodles soak up seasoning as they cook, giving you a fuller bowl with every minute. The noodle texture is a key highlight—springy and slightly chewy when hot, with a smooth surface that absorbs broth or clings to sauce, so the flavour carries evenly from first bite to last.",112g,0,Vegetarian/Vegan,Soup,Vegetarian,M5,"Mushrooms, Tofu, Cabbage",These toppings soften in the broth adding sweetness umami and freshness while boosting texture and making every sip richer aroma.,Shrimp katsu,Crispy shrimp katsu brings crunch and sweetness pairing with spicy noodles and giving a hearty bite between slurps umami aroma.
South Korea,Shin Kimchi – Nongshim,"Shin Kimchi from Nongshim is a well-loved instant noodle from South Korea, built around a signature flavour.",120g,3,Vegetarian-friendly*,Soup,Vegetarian,M5,"Mushrooms, Tofu, Cabbage",These toppings soften in the broth adding sweetness umami and freshness while boosting texture and making every sip richer aroma.,Shrimp katsu,Crispy shrimp katsu brings crunch and sweetness pairing with spicy noodles and giving a hearty bite between slurps umami aroma.
South Korea,Neogu Bonara – Nongshim,"Neogu Bonara from Nongshim is a well-loved instant noodle from South Korea, built around cabonara-style flavour. It’s sauce-forward: the noodles are meant to be drained and mixed so the seasoning coats every strand for a punchy, “mix-and-eat” finish. The noodle texture is a key highlight—springy and slightly chewy when hot, with a smooth surface that absorbs broth or clings to sauce, so the flavour carries evenly from first bite to last.",134g,0,Vegetarian-friendly*,Dry,Vegetarian,M5,"Mushrooms, Tofu, Cabbage",These toppings mix into the sauce adding crunch umami and aroma while keeping noodles bold glossy and satisfying umami aroma.,Shrimp katsu,Crispy shrimp katsu brings crunch and sweetness pairing with spicy noodles and giving a hearty bite between slurps umami aroma.
South Korea,Chapagetti Original – Nongshim,"Chapagetti Original from Nongshim is a well-loved instant noodle from South Korea, built around original-style flavour. It’s sauce-forward: the noodles are meant to be drained and mixed so the seasoning coats every strand for a punchy, “mix-and-eat” finish. Fun note: Was viral on tik tok before. The noodle texture is a key highlight—springy and slightly chewy when hot, with a smooth surface that absorbs broth or clings to sauce, so the flavour carries evenly from first bite to last.",140g,0,Vegetarian-friendly*,Dry,Vegetarian,M5,"Mushrooms, Tofu, Cabbage",These toppings mix into the sauce adding crunch umami and aroma while keeping noodles bold glossy and satisfying umami aroma.,Shrimp katsu,Crispy shrimp katsu brings crunch and sweetness pairing with spicy noodles and giving a hearty bite between slurps umami aroma.
South Korea,Angry Chapaguri Super Spicy – Nongshim,"Angry Chapaguri Super Spicy from Nongshim is a well-loved instant noodle from South Korea, built around chapaguri-style flavour. It’s sauce-forward: the noodles are meant to be drained and mixed so the seasoning coats every strand for a punchy, “mix-and-eat” finish. Fun note: Was viral on tik tok before. The noodle texture is a key highlight—springy and slightly chewy when hot, with a smooth surface that absorbs broth or clings to sauce, so the flavour carries evenly from first bite to last.",140g,4,Vegetarian-friendly*,Dry,Vegetarian,M5,"Mushrooms, Tofu, Cabbage",These toppings mix into the sauce adding crunch umami and aroma while keeping noodles bold glossy and satisfying umami aroma.,Shrimp katsu,Crispy shrimp katsu brings crunch and sweetness pairing with spicy noodles and giving a hearty bite between slurps umami aroma.
South Korea,Chapaguri Original Ram Don – Nongshim,"Chapaguri Original Ram Don from Nongshim is a well-loved instant noodle from South Korea, built around chapaguri-style flavour. It’s sauce-forward: the noodles are meant to be drained and mixed so the seasoning coats every strand for a punchy, “mix-and-eat” finish. The noodle texture is a key highlight—springy and slightly chewy when hot, with a smooth surface that absorbs broth or clings to sauce, so the flavour carries evenly from first bite to last.",140g,0,Vegetarian-friendly*,Dry,Vegetarian,M5,"Mushrooms, Tofu, Cabbage",These toppings mix into the sauce adding crunch umami and aroma while keeping noodles bold glossy and satisfying umami aroma.,Shrimp katsu,Crispy shrimp katsu brings crunch and sweetness pairing with spicy noodles and giving a hearty bite between slurps umami aroma.
South Korea,Ahn Sung Tang Myun – Nongshim,"Ahn Sung Tang Myun from Nongshim is a well-loved instant noodle from South Korea, built around a signature flavour.",125g,0,Vegetarian-friendly*,Soup,Vegetarian,M5,"Mushrooms, Tofu, Cabbage",These toppings soften in the broth adding sweetness umami and freshness while boosting texture and making every sip richer aroma.,Shrimp katsu,Crispy shrimp katsu brings crunch and sweetness pairing with spicy noodles and giving a hearty bite between slurps umami aroma.
South Korea,Ahn Sung Tang Myun Seafood – Nongshim,"Ahn Sung Tang Myun Seafood from Nongshim is a well-loved instant noodle from South Korea, built around a signature flavour.",112g,0,Seafood,Soup,Seafood,M5,"Crab sticks, Seaweed, Bok choy",These toppings soften in the broth adding sweetness umami and freshness while boosting texture and making every sip richer aroma.,Shrimp katsu,Crispy shrimp katsu brings crunch and sweetness pairing with spicy noodles and giving a hearty bite between slurps umami aroma.
South Korea,Jin Ramen Mild – Ottogi,"Jin Ramen Mild from Ottogi is a well-loved instant noodle from South Korea, built around original-style flavour. It’s broth-forward: aroma hits first, then the noodles soak up seasoning as they cook, giving you a fuller bowl with every minute. The noodle texture is a key highlight—springy and slightly chewy when hot, with a smooth surface that absorbs broth or clings to sauce, so the flavour carries evenly from first bite to last.",120g,0,Vegetarian-friendly*,Soup,Vegetarian,M5,"Mushrooms, Tofu, Cabbage",These toppings soften in the broth adding sweetness umami and freshness while boosting texture and making every sip richer aroma.,Shrimp katsu,Crispy shrimp katsu brings crunch and sweetness pairing with spicy noodles and giving a hearty bite between slurps umami aroma.
South Korea,Jin Ramen Spicy – Ottogi,"Jin Ramen Spicy from Ottogi is a well-loved instant noodle from South Korea, built around original-style flavour. It’s broth-forward: aroma hits first, then the noodles soak up seasoning as they cook, giving you a fuller bowl with every minute. The noodle texture is a key highlight—springy and slightly chewy when hot, with a smooth surface that absorbs broth or clings to sauce, so the flavour carries evenly from first bite to last.",120g,0,Vegetarian-friendly*,Soup,Vegetarian,M5,"Mushrooms, Tofu, Cabbage",These toppings soften in the broth adding sweetness umami and freshness while boosting texture and making every sip richer aroma.,Shrimp katsu,Crispy shrimp katsu brings crunch and sweetness pairing with spicy noodles and giving a hearty bite between slurps umami aroma.
South Korea,Jin Jjajang – Ottogi,"Jin Jjajang from Ottogi is a well-loved instant noodle from South Korea, built around jjajang-style flavour. It’s sauce-forward: the noodles are meant to be drained and mixed so the seasoning coats every strand for a punchy, “mix-and-eat” finish. The noodle texture is a key highlight—springy and slightly chewy when hot, with a smooth surface that absorbs broth or clings to sauce, so the flavour carries evenly from first bite to last.",135g,0,Vegetarian-friendly*,Dry,Vegetarian,M5,"Mushrooms, Tofu, Cabbage",These toppings mix into the sauce adding crunch umami and aroma while keeping noodles bold glossy and satisfying umami aroma.,Shrimp katsu,Crispy shrimp katsu brings crunch and sweetness pairing with spicy noodles and giving a hearty bite between slurps umami aroma.
South Korea,Jin Jjambbong – Ottogi,"Jin Jjambbong from Ottogi is a well-loved instant noodle from South Korea, built around jjambbong-style flavour. It’s broth-forward: aroma hits first, then the noodles soak up seasoning as they cook, giving you a fuller bowl with every minute. The noodle texture is a key highlight—springy and slightly chewy when hot, with a smooth surface that absorbs broth or clings to sauce, so the flavour carries evenly from first bite to last.",130g,3,Vegetarian-friendly*,Soup,Vegetarian,M5,"Mushrooms, Tofu, Cabbage",These toppings soften in the broth adding sweetness umami and freshness while boosting texture and making every sip richer aroma.,Shrimp katsu,Crispy shrimp katsu brings crunch and sweetness pairing with spicy noodles and giving a hearty bite between slurps umami aroma.
South Korea,Kimchi Ramen – Ottogi,"Kimchi Ramen from Ottogi is a well-loved instant noodle from South Korea, built around kimchi-style flavour. It’s broth-forward: aroma hits first, then the noodles soak up seasoning as they cook, giving you a fuller bowl with every minute. The noodle texture is a key highlight—springy and slightly chewy when hot, with a smooth surface that absorbs broth or clings to sauce, so the flavour carries evenly from first bite to last.",120g,3,Vegetarian-friendly*,Soup,Vegetarian,M5,"Mushrooms, Tofu, Cabbage",These toppings soften in the broth adding sweetness umami and freshness while boosting texture and making every sip richer aroma.,Shrimp katsu,Crispy shrimp katsu brings crunch and sweetness pairing with spicy noodles and giving a hearty bite between slurps umami aroma.
South Korea,Jin Veggie – Ottogi,"Jin Veggie from Ottogi is a well-loved instant noodle from South Korea, built around vegetarian-style flavour.",110g,0,Vegetarian/Vegan,Soup,Vegetarian,M5,"Mushrooms, Tofu, Cabbage",These toppings soften in the broth adding sweetness umami and freshness while boosting texture and making every sip richer aroma.,Shrimp katsu,Crispy shrimp katsu brings crunch and sweetness pairing with spicy noodles and giving a hearty bite between slurps umami aroma.
South Korea,Buldak 2x Spicy Chicken Ramen – Samyang,"Buldak 2x Spicy Chicken Ramen from Samyang is a well-loved instant noodle from South Korea, built around chicken-style flavour. It’s sauce-forward: the noodles are meant to be drained and mixed so the seasoning coats every strand for a punchy, “mix-and-eat” finish. The noodle texture is a key highlight—springy and slightly chewy when hot, with a smooth surface that absorbs broth or clings to sauce, so the flavour carries evenly from first bite to last.",140g,5,Meat (Chicken),Dry,Chicken,M5,"Eggs, Lettuce, Spring onions",These toppings mix into the sauce adding crunch umami and aroma while keeping noodles bold glossy and satisfying umami aroma.,Meatballs,Juicy meatballs add protein and comfort soaking up broth or sauce and turning a simple bowl into a full meal.
South Korea,Buldak 3x Hot Chicken Flavour Ramen – Samyang,"Buldak 3x Hot Chicken Flavour Ramen from Samyang is a well-loved instant noodle from South Korea, built around chicken-style flavour. It’s sauce-forward: the noodles are meant to be drained and mixed so the seasoning coats every strand for a punchy, “mix-and-eat” finish. The noodle texture is a key highlight—springy and slightly chewy when hot, with a smooth surface that absorbs broth or clings to sauce, so the flavour carries evenly from first bite to last.",140g,5,Meat (Chicken),Dry,Chicken,M5,"Eggs, Lettuce, Spring onions",These toppings mix into the sauce adding crunch umami and aroma while keeping noodles bold glossy and satisfying umami aroma.,Meatballs,Juicy meatballs add protein and comfort soaking up broth or sauce and turning a simple bowl into a full meal.
South Korea,Buldak Hot Chicken Flavor Habenaro Lime – Samyang,"Buldak Hot Chicken Flavor Habenaro Lime from Samyang is a well-loved instant noodle from South Korea, built around chicken-style flavour. It’s sauce-forward: the noodles are meant to be drained and mixed so the seasoning coats every strand for a punchy, “mix-and-eat” finish. The noodle texture is a key highlight—springy and slightly chewy when hot, with a smooth surface that absorbs broth or clings to sauce, so the flavour carries evenly from first bite to last.",135g,0,Meat (Chicken),Dry,Chicken,M5,"Eggs, Lettuce, Spring onions",These toppings mix into the sauce adding crunch umami and aroma while keeping noodles bold glossy and satisfying umami aroma.,Meatballs,Juicy meatballs add protein and comfort soaking up broth or sauce and turning a simple bowl into a full meal.
South Korea,Buldak Hot Chicken Ramen – Samyang,"Buldak Hot Chicken Ramen from Samyang is a well-loved instant noodle from South Korea, built around curry / chicken-style flavour. It’s sauce-forward: the noodles are meant to be drained and mixed so the seasoning coats every strand for a punchy, “mix-and-eat” finish. The noodle texture is a key highlight—springy and slightly chewy when hot, with a smooth surface that absorbs broth or clings to sauce, so the flavour carries evenly from first bite to last.",140g,2,Meat (Chicken),Dry,Chicken,M5,"Eggs, Lettuce, Spring onions",These toppings mix into the sauce adding crunch umami and aroma while keeping noodles bold glossy and satisfying umami aroma.,Meatballs,Juicy meatballs add protein and comfort soaking up broth or sauce and turning a simple bowl into a full meal.
South Korea,Buldak Spicy Chicken Stew Type – Samyang,"Buldak Spicy Chicken Stew Type from Samyang is a well-loved instant noodle from South Korea, built around chicken-style flavour. It’s broth-forward: aroma hits first, then the noodles soak up seasoning as they cook, giving you a fuller bowl with every minute. The noodle texture is a key highlight—springy and slightly chewy when hot, with a smooth surface that absorbs broth or clings to sauce, so the flavour carries evenly from first bite to last.",145g,0,Meat (Chicken),Soup,Chicken,M5,"Eggs, Lettuce, Spring onions",These toppings soften in the broth adding sweetness umami and freshness while boosting texture and making every sip richer aroma.,Meatballs,Juicy meatballs add protein and comfort soaking up broth or sauce and turning a simple bowl into a full meal.
South Korea,Buldak Tomato Pasta Hot Chicken Flavor Ramen – Samyang,"Buldak Tomato Pasta Hot Chicken Flavor Ramen from Samyang is a well-loved instant noodle from South Korea, built around tomato-style flavour. It’s sauce-forward: the noodles are meant to be drained and mixed so the seasoning coats every strand for a punchy, “mix-and-eat” finish. The noodle texture is a key highlight—springy and slightly chewy when hot, with a smooth surface that absorbs broth or clings to sauce, so the flavour carries evenly from first bite to last.",140g,0,Meat (Chicken),Dry,Chicken,M5,"Eggs, Lettuce, Spring onions",These toppings mix into the sauce adding crunch umami and aroma while keeping noodles bold glossy and satisfying umami aroma.,Meatballs,Juicy meatballs add protein and comfort soaking up broth or sauce and turning a simple bowl into a full meal.
South Korea,Buldak Yakisoba Hot Chicken Flavor Ramen – Samyang,"Buldak Yakisoba Hot Chicken Flavor Ramen from Samyang is a well-loved instant noodle from South Korea, built around yakisoba / chicken-style flavour. It’s sauce-forward: the noodles are meant to be drained and mixed so the seasoning coats every strand for a punchy, “mix-and-eat” finish. The noodle texture is a key highlight—springy and slightly chewy when hot, with a smooth surface that absorbs broth or clings to sauce, so the flavour carries evenly from first bite to last.",130g,0,Meat (Chicken),Dry,Chicken,M5,"Eggs, Lettuce, Spring onions",These toppings mix into the sauce adding crunch umami and aroma while keeping noodles bold glossy and satisfying umami aroma.,Meatballs,Juicy meatballs add protein and comfort soaking up broth or sauce and turning a simple bowl into a full meal.
South Korea,Buldak Cabonara Hot Chicken Ramen – Samyang,"Buldak Cabonara Hot Chicken Ramen from Samyang is a well-loved instant noodle from South Korea, built around cabonara / chicken-style flavour. It’s sauce-forward: the noodles are meant to be drained and mixed so the seasoning coats every strand for a punchy, “mix-and-eat” finish. The noodle texture is a key highlight—springy and slightly chewy when hot, with a smooth surface that absorbs broth or clings to sauce, so the flavour carries evenly from first bite to last.",130g,0,Meat (Chicken),Dry,Chicken,M5,"Eggs, Lettuce, Spring onions",These toppings mix into the sauce adding crunch umami and aroma while keeping noodles bold glossy and satisfying umami aroma.,Meatballs,Juicy meatballs add protein and comfort soaking up broth or sauce and turning a simple bowl into a full meal.
South Korea,Buldak Cheese Hot Chicken Flavour Ramen – Samyang,"Buldak Cheese Hot Chicken Flavour Ramen from Samyang is a well-loved instant noodle from South Korea, built around cheese / chicken-style flavour. It’s sauce-forward: the noodles are meant to be drained and mixed so the seasoning coats every strand for a punchy, “mix-and-eat” finish. The noodle texture is a key highlight—springy and slightly chewy when hot, with a smooth surface that absorbs broth or clings to sauce, so the flavour carries evenly from first bite to last.",140g,0,Meat (Chicken),Dry,Chicken,M5,"Eggs, Lettuce, Spring onions",These toppings mix into the sauce adding crunch umami and aroma while keeping noodles bold glossy and satisfying umami aroma.,Meatballs,Juicy meatballs add protein and comfort soaking up broth or sauce and turning a simple bowl into a full meal.
South Korea,Buldak Jjajangmyeon Hot Chicken Ramen – Samyang,"Buldak Jjajangmyeon Hot Chicken Ramen from Samyang is a well-loved instant noodle from South Korea, built around jjajangmyeon-style flavour. It’s sauce-forward: the noodles are meant to be drained and mixed so the seasoning coats every strand for a punchy, “mix-and-eat” finish. The noodle texture is a key highlight—springy and slightly chewy when hot, with a smooth surface that absorbs broth or clings to sauce, so the flavour carries evenly from first bite to last.",140g,0,Meat (Chicken),Dry,Chicken,M5,"Eggs, Lettuce, Spring onions",These toppings mix into the sauce adding crunch umami and aroma while keeping noodles bold glossy and satisfying umami aroma.,Meatballs,Juicy meatballs add protein and comfort soaking up broth or sauce and turning a simple bowl into a full meal.
South Korea,Buldak Kimchi – Samyang,"Buldak Kimchi from Samyang is a well-loved instant noodle from South Korea, built around a signature flavour.",135g,3,Vegetarian-friendly*,Soup,Vegetarian,M5,"Mushrooms, Tofu, Cabbage",These toppings soften in the broth adding sweetness umami and freshness while boosting texture and making every sip richer aroma.,Shrimp katsu,Crispy shrimp katsu brings crunch and sweetness pairing with spicy noodles and giving a hearty bite between slurps umami aroma.
South Korea,Buldak Mala – Samyang,"Buldak Mala from Samyang is a well-loved instant noodle from South Korea, built around a signature flavour.",135g,4,Vegetarian-friendly*,Soup,Vegetarian,M5,"Mushrooms, Tofu, Cabbage",These toppings soften in the broth adding sweetness umami and freshness while boosting texture and making every sip richer aroma.,Shrimp katsu,Crispy shrimp katsu brings crunch and sweetness pairing with spicy noodles and giving a hearty bite between slurps umami aroma.
South Korea,Cream Cabonara – Samyang,"Cream Cabonara from Samyang is a well-loved instant noodle from South Korea, built around cabonara-style flavour. It’s sauce-forward: the noodles are meant to be drained and mixed so the seasoning coats every strand for a punchy, “mix-and-eat” finish. The noodle texture is a key highlight—springy and slightly chewy when hot, with a smooth surface that absorbs broth or clings to sauce, so the flavour carries evenly from first bite to last.",140g,0,Vegetarian-friendly*,Dry,Vegetarian,M5,"Mushrooms, Tofu, Cabbage",These toppings mix into the sauce adding crunch umami and aroma while keeping noodles bold glossy and satisfying umami aroma.,Shrimp katsu,Crispy shrimp katsu brings crunch and sweetness pairing with spicy noodles and giving a hearty bite between slurps umami aroma.
South Korea,Kimchi Ramen – Samyang,"Kimchi Ramen from Samyang is a well-loved instant noodle from South Korea, built around kimchi-style flavour. It’s broth-forward: aroma hits first, then the noodles soak up seasoning as they cook, giving you a fuller bowl with every minute. The noodle texture is a key highlight—springy and slightly chewy when hot, with a smooth surface that absorbs broth or clings to sauce, so the flavour carries evenly from first bite to last.",120g,3,Vegetarian-friendly*,Soup,Vegetarian,M5,"Mushrooms, Tofu, Cabbage",These toppings soften in the broth adding sweetness umami and freshness while boosting texture and making every sip richer aroma.,Shrimp katsu,Crispy shrimp katsu brings crunch and sweetness pairing with spicy noodles and giving a hearty bite between slurps umami aroma.
South Korea,Samyang Ramen – Samyang,"Samyang Ramen from Samyang is a well-loved instant noodle from South Korea, built around original-style flavour. It’s broth-forward: aroma hits first, then the noodles soak up seasoning as they cook, giving you a fuller bowl with every minute. The noodle texture is a key highlight—springy and slightly chewy when hot, with a smooth surface that absorbs broth or clings to sauce, so the flavour carries evenly from first bite to last.",120g,0,Vegetarian-friendly*,Soup,Vegetarian,M5,"Mushrooms, Tofu, Cabbage",These toppings soften in the broth adding sweetness umami and freshness while boosting texture and making every sip richer aroma.,Shrimp katsu,Crispy shrimp katsu brings crunch and sweetness pairing with spicy noodles and giving a hearty bite between slurps umami aroma.
South Korea,Samyang Ramen Spicy – Samyang,"Samyang Ramen Spicy from Samyang is a well-loved instant noodle from South Korea, built around a signature flavour.",120g,0,Vegetarian-friendly*,Soup,Vegetarian,M5,"Mushrooms, Tofu, Cabbage",These toppings soften in the broth adding sweetness umami and freshness while boosting texture and making every sip richer aroma.,Shrimp katsu,Crispy shrimp katsu brings crunch and sweetness pairing with spicy noodles and giving a hearty bite between slurps umami aroma.
South Korea,Korean Gomtang – Samyang,"Korean Gomtang from Samyang is a well-loved instant noodle from South Korea, built around a signature flavour.",110g,0,Vegetarian-friendly*,Soup,Vegetarian,M5,"Mushrooms, Tofu, Cabbage",These toppings soften in the broth adding sweetness umami and freshness while boosting texture and making every sip richer aroma.,Shrimp katsu,Crispy shrimp katsu brings crunch and sweetness pairing with spicy noodles and giving a hearty bite between slurps umami aroma.
South Korea,Seafood Party – Samyang,"Seafood Party from Samyang is a well-loved instant noodle from South Korea, built around seafood-style flavour. It’s broth-forward: aroma hits first, then the noodles soak up seasoning as they cook, giving you a fuller bowl with every minute. The noodle texture is a key highlight—springy and slightly chewy when hot, with a smooth surface that absorbs broth or clings to sauce, so the flavour carries evenly from first bite to last.",125g,0,Seafood,Soup,Seafood,M5,"Crab sticks, Seaweed, Bok choy",These toppings soften in the broth adding sweetness umami and freshness while boosting texture and making every sip richer aroma.,Shrimp katsu,Crispy shrimp katsu brings crunch and sweetness pairing with spicy noodles and giving a hearty bite between slurps umami aroma.
South Korea,Bulgogi Noodle Soup Sweet & Savoury – Samyang,"Bulgogi Noodle Soup Sweet & Savoury from Samyang is a well-loved instant noodle from South Korea, built around bulgogi-style flavour. It’s broth-forward: aroma hits first, then the noodles soak up seasoning as they cook, giving you a fuller bowl with every minute. The noodle texture is a key highlight—springy and slightly chewy when hot, with a smooth surface that absorbs broth or clings to sauce, so the flavour carries evenly from first bite to last.",140g,0,Meat,Soup,Meat,M5,"Cabbage, Spring onions, Mushrooms",These toppings soften in the broth adding sweetness umami and freshness while boosting texture and making every sip richer aroma.,Meatballs,Juicy meatballs add protein and comfort soaking up broth or sauce and turning a simple bowl into a full meal.
South Korea,Chacharoni Blackbean Sauce Ramen – Samyang,"Chacharoni Blackbean Sauce Ramen from Samyang is a well-loved instant noodle from South Korea, built around black bean-style flavour. It’s sauce-forward: the noodles are meant to be drained and mixed so the seasoning coats every strand for a punchy, “mix-and-eat” finish. The noodle texture is a key highlight—springy and slightly chewy when hot, with a smooth surface that absorbs broth or clings to sauce, so the flavour carries evenly from first bite to last.",140g,0,Vegetarian-friendly*,Dry,Vegetarian,M5,"Mushrooms, Tofu, Cabbage",These toppings mix into the sauce adding crunch umami and aroma while keeping noodles bold glossy and satisfying umami aroma.,Shrimp katsu,Crispy shrimp katsu brings crunch and sweetness pairing with spicy noodles and giving a hearty bite between slurps umami aroma.
South Korea,Vegetasty – Samyang,"Vegetasty from Samyang is a well-loved instant noodle from South Korea, built around vegetarian-style flavour.",115g,0,Vegetarian/Vegan,Soup,Vegetarian,M5,"Mushrooms, Tofu, Cabbage",These toppings soften in the broth adding sweetness umami and freshness while boosting texture and making every sip richer aroma.,Shrimp katsu,Crispy shrimp katsu brings crunch and sweetness pairing with spicy noodles and giving a hearty bite between slurps umami aroma.
South Korea,Cheese – Samyang,"Cheese from Samyang is a well-loved instant noodle from South Korea, built around cheese-style flavour.",120g,0,Vegetarian-friendly*,Soup,Vegetarian,M5,"Mushrooms, Tofu, Cabbage",These toppings soften in the broth adding sweetness umami and freshness while boosting texture and making every sip richer aroma.,Shrimp katsu,Crispy shrimp katsu brings crunch and sweetness pairing with spicy noodles and giving a hearty bite between slurps umami aroma.
Australia,2 Minute Oriental Flavour – Maggi,"2 Minute Oriental Flavour from Maggi is a well-loved instant noodle from Australia, built around oriental-style flavour. It’s broth-forward: aroma hits first, then the noodles soak up seasoning as they cook, giving you a fuller bowl with every minute. The noodle texture is a key highlight—springy and slightly chewy when hot, with a smooth surface that absorbs broth or clings to sauce, so the flavour carries evenly from first bite to last.",74g,1,Vegetarian-friendly*,Soup,Vegetarian,M2,"Mushrooms, Tofu, Cabbage",These toppings soften in the broth adding sweetness umami and freshness while boosting texture and making every sip richer aroma.,Shrimp katsu,Crispy shrimp katsu brings crunch and sweetness pairing with spicy noodles and giving a hearty bite between slurps umami aroma.
Australia,2 Minute Chicken Flavour – Maggi,"2 Minute Chicken Flavour from Maggi is a well-loved instant noodle from Australia, built around chicken-style flavour. It’s broth-forward: aroma hits first, then the noodles soak up seasoning as they cook, giving you a fuller bowl with every minute. The noodle texture is a key highlight—springy and slightly chewy when hot, with a smooth surface that absorbs broth or clings to sauce, so the flavour carries evenly from first bite to last.",74g,0,Meat (Chicken),Soup,Chicken,M2,"Eggs, Lettuce, Spring onions",These toppings soften in the broth adding sweetness umami and freshness while boosting texture and making every sip richer aroma.,Meatballs,Juicy meatballs add protein and comfort soaking up broth or sauce and turning a simple bowl into a full meal.
Australia,2 Minute Beef Flavour – Maggi,"2 Minute Beef Flavour from Maggi is a well-loved instant noodle from Australia, built around beef-style flavour. It’s broth-forward: aroma hits first, then the noodles soak up seasoning as they cook, giving you a fuller bowl with every minute. The noodle texture is a key highlight—springy and slightly chewy when hot, with a smooth surface that absorbs broth or clings to sauce, so the flavour carries evenly from first bite to last.",74g,0,Meat (Beef),Soup,Beef,M2,"Eggs, Mushrooms, Spring onions",These toppings soften in the broth adding sweetness umami and freshness while boosting texture and making every sip richer aroma.,Meatballs,Juicy meatballs add protein and comfort soaking up broth or sauce and turning a simple bowl into a full meal.
Japan,Demae Ramen Sesame Oil – Nissin,"Demae Ramen Sesame Oil from Nissin is a well-loved instant noodle from Japan, built around sesame oil-style flavour. It’s broth-forward: aroma hits first, then the noodles soak up seasoning as they cook, giving you a fuller bowl with every minute. The noodle texture is a key highlight—springy and slightly chewy when hot, with a smooth surface that absorbs broth or clings to sauce, so the flavour carries evenly from first bite to last.",100g,0,Vegetarian-friendly*,Soup,Vegetarian,M5,"Mushrooms, Tofu, Cabbage",These toppings soften in the broth adding sweetness umami and freshness while boosting texture and making every sip richer aroma.,Shrimp katsu,Crispy shrimp katsu brings crunch and sweetness pairing with spicy noodles and giving a hearty bite between slurps umami aroma.
Japan,Demae Ramen Tonkotsu – Nissin,"Demae Ramen Tonkotsu from Nissin is a well-loved instant noodle from Japan, built around tonkotsu-style flavour. It’s broth-forward: aroma hits first, then the noodles soak up seasoning as they cook, giving you a fuller bowl with every minute. The noodle texture is a key highlight—springy and slightly chewy when hot, with a smooth surface that absorbs broth or clings to sauce, so the flavour carries evenly from first bite to last.",100g,0,Meat (Pork),Soup,Pork,M5,"Naruto, Eggs, Spring onions",These toppings soften in the broth adding sweetness umami and freshness while boosting texture and making every sip richer aroma.,Meatballs,Juicy meatballs add protein and comfort soaking up broth or sauce and turning a simple bowl into a full meal.
Japan,Ramen Kyushu Black Garlic – Nissin,"Ramen Kyushu Black Garlic from Nissin is a well-loved instant noodle from Japan, built around garlic-style flavour. It’s broth-forward: aroma hits first, then the noodles soak up seasoning as they cook, giving you a fuller bowl with every minute. The noodle texture is a key highlight—springy and slightly chewy when hot, with a smooth surface that absorbs broth or clings to sauce, so the flavour carries evenly from first bite to last.",106g,1,Vegetarian-friendly*,Soup,Vegetarian,M5,"Mushrooms, Tofu, Cabbage",These toppings soften in the broth adding sweetness umami and freshness while boosting texture and making every sip richer aroma.,Shrimp katsu,Crispy shrimp katsu brings crunch and sweetness pairing with spicy noodles and giving a hearty bite between slurps umami aroma.
Japan,Ramen Hokkaido Miso – Nissin,"Ramen Hokkaido Miso from Nissin is a well-loved instant noodle from Japan, built around miso-style flavour. It’s broth-forward: aroma hits first, then the noodles soak up seasoning as they cook, giving you a fuller bowl with every minute. The noodle texture is a key highlight—springy and slightly chewy when hot, with a smooth surface that absorbs broth or clings to sauce, so the flavour carries evenly from first bite to last.",106g,1,Vegetarian-friendly*,Soup,Vegetarian,M5,"Mushrooms, Tofu, Cabbage",These toppings soften in the broth adding sweetness umami and freshness while boosting texture and making every sip richer aroma.,Shrimp katsu,Crispy shrimp katsu brings crunch and sweetness pairing with spicy noodles and giving a hearty bite between slurps umami aroma.
Japan,Ramen Kyushu Red – Nissin,"Ramen Kyushu Red from Nissin is a well-loved instant noodle from Japan, built around a signature flavour.",106g,0,Vegetarian-friendly*,Soup,Vegetarian,M5,"Mushrooms, Tofu, Cabbage",These toppings soften in the broth adding sweetness umami and freshness while boosting texture and making every sip richer aroma.,Shrimp katsu,Crispy shrimp katsu brings crunch and sweetness pairing with spicy noodles and giving a hearty bite between slurps umami aroma.
Japan,Demae Iccho Japan Series Black Garlic Oil Tonkotsu – Nissin,"Demae Iccho Japan Series Black Garlic Oil Tonkotsu from Nissin is a well-loved instant noodle from Japan, built around garlic / tonkotsu-style flavour. It’s broth-forward: aroma hits first, then the noodles soak up seasoning as they cook, giving you a fuller bowl with every minute. The noodle texture is a key highlight—springy and slightly chewy when hot, with a smooth surface that absorbs broth or clings to sauce, so the flavour carries evenly from first bite to last.",100g,1,Meat (Pork),Soup,Pork,M5,"Naruto, Eggs, Spring onions",These toppings soften in the broth adding sweetness umami and freshness while boosting texture and making every sip richer aroma.,Meatballs,Juicy meatballs add protein and comfort soaking up broth or sauce and turning a simple bowl into a full meal.
Japan,Ramen Tokyo Shoyu – Nissin,"Ramen Tokyo Shoyu from Nissin is a well-loved instant noodle from Japan, built around shoyu-style flavour. It’s broth-forward: aroma hits first, then the noodles soak up seasoning as they cook, giving you a fuller bowl with every minute. The noodle texture is a key highlight—springy and slightly chewy when hot, with a smooth surface that absorbs broth or clings to sauce, so the flavour carries evenly from first bite to last.",106g,1,Vegetarian-friendly*,Soup,Vegetarian,M5,"Mushrooms, Tofu, Cabbage",These toppings soften in the broth adding sweetness umami and freshness while boosting texture and making every sip richer aroma.,Shrimp katsu,Crispy shrimp katsu brings crunch and sweetness pairing with spicy noodles and giving a hearty bite between slurps umami aroma.
Japan,Raoh Dan Dan Noodles – Nissin,"Raoh Dan Dan Noodles from Nissin is a well-loved instant noodle from Japan, built around sesame-style flavour. It’s broth-forward: aroma hits first, then the noodles soak up seasoning as they cook, giving you a fuller bowl with every minute. Fun note: Hand pulled - Top Seller. The noodle texture is a key highlight—springy and slightly chewy when hot, with a smooth surface that absorbs broth or clings to sauce, so the flavour carries evenly from first bite to last.",17.1oz,0,Vegetarian-friendly*,Soup,Vegetarian,M5,"Mushrooms, Tofu, Cabbage",These toppings soften in the broth adding sweetness umami and freshness while boosting texture and making every sip richer aroma.,Shrimp katsu,Crispy shrimp katsu brings crunch and sweetness pairing with spicy noodles and giving a hearty bite between slurps umami aroma.
Japan,Raoh Pork Bone Soy – Nissin,"Raoh Pork Bone Soy from Nissin is a well-loved instant noodle from Japan, built around a signature flavour.",100g,0,Meat (Pork),Soup,Pork,M5,"Naruto, Eggs, Spring onions",These toppings soften in the broth adding sweetness umami and freshness while boosting texture and making every sip richer aroma.,Meatballs,Juicy meatballs add protein and comfort soaking up broth or sauce and turning a simple bowl into a full meal.
Japan,Geki Chilli Infused Asian Noodles Hot Chicken – Nissin,"Geki Chilli Infused Asian Noodles Hot Chicken from Nissin is a well-loved instant noodle from Japan, built around chicken-style flavour. It’s sauce-forward: the noodles are meant to be drained and mixed so the seasoning coats every strand for a punchy, “mix-and-eat” finish. Fun note: Featured. The noodle texture is a key highlight—springy and slightly chewy when hot, with a smooth surface that absorbs broth or clings to sauce, so the flavour carries evenly from first bite to last.",90g,2,Meat (Chicken),Dry,Chicken,M5,"Eggs, Lettuce, Spring onions",These toppings mix into the sauce adding crunch umami and aroma while keeping noodles bold glossy and satisfying umami aroma.,Meatballs,Juicy meatballs add protein and comfort soaking up broth or sauce and turning a simple bowl into a full meal.
Japan,Ichiban Original Flavoured Soup – Sapporo,"Ichiban Original Flavoured Soup from Sapporo is a well-loved instant noodle from Japan, built around original-style flavour. It’s broth-forward: aroma hits first, then the noodles soak up seasoning as they cook, giving you a fuller bowl with every minute. Fun note: Popular in US / Canada / Everywhere. The noodle texture is a key highlight—springy and slightly chewy when hot, with a smooth surface that absorbs broth or clings to sauce, so the flavour carries evenly from first bite to last.",100g,0,Vegetarian-friendly*,Soup,Vegetarian,M5,"Mushrooms, Tofu, Cabbage",These toppings soften in the broth adding sweetness umami and freshness while boosting texture and making every sip richer aroma.,Shrimp katsu,Crispy shrimp katsu brings crunch and sweetness pairing with spicy noodles and giving a hearty bite between slurps umami aroma.
Japan,Ichiban Chicken Flavoured Soup – Sapporo,"Ichiban Chicken Flavoured Soup from Sapporo is a well-loved instant noodle from Japan, built around chicken-style flavour. It’s broth-forward: aroma hits first, then the noodles soak up seasoning as they cook, giving you a fuller bowl with every minute. The noodle texture is a key highlight—springy and slightly chewy when hot, with a smooth surface that absorbs broth or clings to sauce, so the flavour carries evenly from first bite to last.",100g,0,Meat (Chicken),Soup,Chicken,M5,"Eggs, Lettuce, Spring onions",These toppings soften in the broth adding sweetness umami and freshness while boosting texture and making every sip richer aroma.,Meatballs,Juicy meatballs add protein and comfort soaking up broth or sauce and turning a simple bowl into a full meal.
Japan,Ichiban Miso Ramen – Sapporo,"Ichiban Miso Ramen from Sapporo is a well-loved instant noodle from Japan, built around miso-style flavour. It’s broth-forward: aroma hits first, then the noodles soak up seasoning as they cook, giving you a fuller bowl with every minute. The noodle texture is a key highlight—springy and slightly chewy when hot, with a smooth surface that absorbs broth or clings to sauce, so the flavour carries evenly from first bite to last.",101g,1,Vegetarian-friendly*,Soup,Vegetarian,M5,"Mushrooms, Tofu, Cabbage",These toppings soften in the broth adding sweetness umami and freshness while boosting texture and making every sip richer aroma.,Shrimp katsu,Crispy shrimp katsu brings crunch and sweetness pairing with spicy noodles and giving a hearty bite between slurps umami aroma.
Japan,Ichiban Chow Mien – Sapporo,"Ichiban Chow Mien from Sapporo is a well-loved instant noodle from Japan, built around chow mien-style flavour. It’s sauce-forward: the noodles are meant to be drained and mixed so the seasoning coats every strand for a punchy, “mix-and-eat” finish. The noodle texture is a key highlight—springy and slightly chewy when hot, with a smooth surface that absorbs broth or clings to sauce, so the flavour carries evenly from first bite to last.",102g,0,Vegetarian-friendly*,Dry,Vegetarian,M5,"Mushrooms, Tofu, Cabbage",These toppings mix into the sauce adding crunch umami and aroma while keeping noodles bold glossy and satisfying umami aroma.,Shrimp katsu,Crispy shrimp katsu brings crunch and sweetness pairing with spicy noodles and giving a hearty bite between slurps umami aroma.
Japan,Ichiban Siracha Yakisoba Hot Sauce – Sapporo,"Ichiban Siracha Yakisoba Hot Sauce from Sapporo is a well-loved instant noodle from Japan, built around siracha-style flavour. It’s sauce-forward: the noodles are meant to be drained and mixed so the seasoning coats every strand for a punchy, “mix-and-eat” finish. Fun note: Collab Noodle, Popular online. The noodle texture is a key highlight—springy and slightly chewy when hot, with a smooth surface that absorbs broth or clings to sauce, so the flavour carries evenly from first bite to last.",102g,3,Vegetarian-friendly*,Dry,Vegetarian,M5,"Mushrooms, Tofu, Cabbage",These toppings mix into the sauce adding crunch umami and aroma while keeping noodles bold glossy and satisfying umami aroma.,Shrimp katsu,Crispy shrimp katsu brings crunch and sweetness pairing with spicy noodles and giving a hearty bite between slurps umami aroma.
Japan,Ramen Noodle Soup Creamy Chicken Flavour – Maruchan,"Ramen Noodle Soup Creamy Chicken Flavour from Maruchan is a well-loved instant noodle from Japan, built around chicken-style flavour. It’s broth-forward: aroma hits first, then the noodles soak up seasoning as they cook, giving you a fuller bowl with every minute. Fun note: Many other flavours.. The noodle texture is a key highlight—springy and slightly chewy when hot, with a smooth surface that absorbs broth or clings to sauce, so the flavour carries evenly from first bite to last.",85g,0,Meat (Chicken),Soup,Chicken,M5,"Eggs, Lettuce, Spring onions",These toppings soften in the broth adding sweetness umami and freshness while boosting texture and making every sip richer aroma.,Meatballs,Juicy meatballs add protein and comfort soaking up broth or sauce and turning a simple bowl into a full meal.
Japan,Ramen Noodle Soup Pork Flavour – Maruchan,"Ramen Noodle Soup Pork Flavour from Maruchan is a well-loved instant noodle from Japan, built around pork-style flavour. It’s broth-forward: aroma hits first, then the noodles soak up seasoning as they cook, giving you a fuller bowl with every minute. The noodle texture is a key highlight—springy and slightly chewy when hot, with a smooth surface that absorbs broth or clings to sauce, so the flavour carries evenly from first bite to last.",85g,0,Meat (Pork),Soup,Pork,M5,"Naruto, Eggs, Spring onions",These toppings soften in the broth adding sweetness umami and freshness while boosting texture and making every sip richer aroma.,Meatballs,Juicy meatballs add protein and comfort soaking up broth or sauce and turning a simple bowl into a full meal.
Japan,Fire Spicy Beef Flavour – Maruchan,"Fire Spicy Beef Flavour from Maruchan is a well-loved instant noodle from Japan, built around beef-style flavour. It’s sauce-forward: the noodles are meant to be drained and mixed so the seasoning coats every strand for a punchy, “mix-and-eat” finish. Fun note: Was hyped like Buldak. The noodle texture is a key highlight—springy and slightly chewy when hot, with a smooth surface that absorbs broth or clings to sauce, so the flavour carries evenly from first bite to last.",85g,0,Meat (Beef),Dry,Beef,M5,"Eggs, Mushrooms, Spring onions",These toppings mix into the sauce adding crunch umami and aroma while keeping noodles bold glossy and satisfying umami aroma.,Meatballs,Juicy meatballs add protein and comfort soaking up broth or sauce and turning a simple bowl into a full meal.
Japan,Udon Original – Myojo,"Udon Original from Myojo is a well-loved instant noodle from Japan, built around a signature flavour.",110g,0,Vegetarian-friendly*,Soup,Vegetarian,M5,"Mushrooms, Tofu, Cabbage",These toppings soften in the broth adding sweetness umami and freshness while boosting texture and making every sip richer aroma.,Shrimp katsu,Crispy shrimp katsu brings crunch and sweetness pairing with spicy noodles and giving a hearty bite between slurps umami aroma.
Japan,Beef – Myojo,"Beef from Myojo is a well-loved instant noodle from Japan, built around a signature flavour.",100g,0,Meat (Beef),Soup,Beef,M5,"Eggs, Mushrooms, Spring onions",These toppings soften in the broth adding sweetness umami and freshness while boosting texture and making every sip richer aroma.,Meatballs,Juicy meatballs add protein and comfort soaking up broth or sauce and turning a simple bowl into a full meal.
Japan,Chicken – Myojo,"Chicken from Myojo is a well-loved instant noodle from Japan, built around a signature flavour.",100g,0,Meat (Chicken),Soup,Chicken,M5,"Eggs, Lettuce, Spring onions",These toppings soften in the broth adding sweetness umami and freshness while boosting texture and making every sip richer aroma.,Meatballs,Juicy meatballs add protein and comfort soaking up broth or sauce and turning a simple bowl into a full meal.
Japan,Yakisoba Original – Myojo,"Yakisoba Original from Myojo is a well-loved instant noodle from Japan, built around a signature flavour.",100g,0,Vegetarian-friendly*,Dry,Vegetarian,M5,"Mushrooms, Tofu, Cabbage",These toppings soften in the broth adding sweetness umami and freshness while boosting texture and making every sip richer aroma.,Shrimp katsu,Crispy shrimp katsu brings crunch and sweetness pairing with spicy noodles and giving a hearty bite between slurps umami aroma.
Japan,Yakisoba Premium Sweet and Spicy – Myojo,"Yakisoba Premium Sweet and Spicy from Myojo is a well-loved instant noodle from Japan, built around a signature flavour.",100g,0,Vegetarian-friendly*,Dry,Vegetarian,M5,"Mushrooms, Tofu, Cabbage",These toppings soften in the broth adding sweetness umami and freshness while boosting texture and making every sip richer aroma.,Shrimp katsu,Crispy shrimp katsu brings crunch and sweetness pairing with spicy noodles and giving a hearty bite between slurps umami aroma.
Japan,Savory Miso – Myojo,"Savory Miso from Myojo is a well-loved instant noodle from Japan, built around a signature flavour.",100g,1,Vegetarian-friendly*,Soup,Vegetarian,M5,"Mushrooms, Tofu, Cabbage",These toppings soften in the broth adding sweetness umami and freshness while boosting texture and making every sip richer aroma.,Shrimp katsu,Crispy shrimp katsu brings crunch and sweetness pairing with spicy noodles and giving a hearty bite between slurps umami aroma.
Malaysia,2 Minute Noodles Asam Laksa – Maggi,"2 Minute Noodles Asam Laksa from Maggi is a well-loved instant noodle from Malaysia, built around laksa-style flavour. It’s broth-forward: aroma hits first, then the noodles soak up seasoning as they cook, giving you a fuller bowl with every minute. The noodle texture is a key highlight—springy and slightly chewy when hot, with a smooth surface that absorbs broth or clings to sauce, so the flavour carries evenly from first bite to last.",79g,0,Vegetarian-friendly*,Soup,Vegetarian,M2,"Mushrooms, Tofu, Cabbage",These toppings soften in the broth adding sweetness umami and freshness while boosting texture and making every sip richer aroma.,Shrimp katsu,Crispy shrimp katsu brings crunch and sweetness pairing with spicy noodles and giving a hearty bite between slurps umami aroma.
Malaysia,2 Minute Noodles Kari – Maggi,"2 Minute Noodles Kari from Maggi is a well-loved instant noodle from Malaysia, built around curry-style flavour. It’s broth-forward: aroma hits first, then the noodles soak up seasoning as they cook, giving you a fuller bowl with every minute. The noodle texture is a key highlight—springy and slightly chewy when hot, with a smooth surface that absorbs broth or clings to sauce, so the flavour carries evenly from first bite to last.",79g,2,Vegetarian-friendly*,Soup,Vegetarian,M2,"Mushrooms, Tofu, Cabbage",These toppings soften in the broth adding sweetness umami and freshness while boosting texture and making every sip richer aroma.,Shrimp katsu,Crispy shrimp katsu brings crunch and sweetness pairing with spicy noodles and giving a hearty bite between slurps umami aroma.
Malaysia,2 Minute Noodles Tom Yum – Maggi,"2 Minute Noodles Tom Yum from Maggi is a well-loved instant noodle from Malaysia, built around tom yum-style flavour. It’s broth-forward: aroma hits first, then the noodles soak up seasoning as they cook, giving you a fuller bowl with every minute. The noodle texture is a key highlight—springy and slightly chewy when hot, with a smooth surface that absorbs broth or clings to sauce, so the flavour carries evenly from first bite to last.",79g,3,Vegetarian-friendly*,Soup,Vegetarian,M2,"Mushrooms, Tofu, Cabbage",These toppings soften in the broth adding sweetness umami and freshness while boosting texture and making every sip richer aroma.,Shrimp katsu,Crispy shrimp katsu brings crunch and sweetness pairing with spicy noodles and giving a hearty bite between slurps umami aroma.
Malaysia,Pedas Giler Seafood Berapi – Maggi,"Pedas Giler Seafood Berapi from Maggi is a well-loved instant noodle from Malaysia, built around seafood-style flavour. It’s sauce-forward: the noodles are meant to be drained and mixed so the seasoning coats every strand for a punchy, “mix-and-eat” finish. The noodle texture is a key highlight—springy and slightly chewy when hot, with a smooth surface that absorbs broth or clings to sauce, so the flavour carries evenly from first bite to last.",79g,4,Seafood,Dry,Seafood,M5,"Crab sticks, Seaweed, Bok choy",These toppings mix into the sauce adding crunch umami and aroma while keeping noodles bold glossy and satisfying umami aroma.,Shrimp katsu,Crispy shrimp katsu brings crunch and sweetness pairing with spicy noodles and giving a hearty bite between slurps umami aroma.
Malaysia,Pedas Giler Ayam Bakar – Maggi,"Pedas Giler Ayam Bakar from Maggi is a well-loved instant noodle from Malaysia, built around chicken-style flavour. It’s sauce-forward: the noodles are meant to be drained and mixed so the seasoning coats every strand for a punchy, “mix-and-eat” finish. The noodle texture is a key highlight—springy and slightly chewy when hot, with a smooth surface that absorbs broth or clings to sauce, so the flavour carries evenly from first bite to last.",79g,0,Meat (Chicken),Dry,Chicken,M5,"Eggs, Lettuce, Spring onions",These toppings mix into the sauce adding crunch umami and aroma while keeping noodles bold glossy and satisfying umami aroma.,Meatballs,Juicy meatballs add protein and comfort soaking up broth or sauce and turning a simple bowl into a full meal.
Malaysia,Penang White Curry Noodles – MyKuali,"Penang White Curry Noodles from MyKuali is a well-loved instant noodle from Malaysia, built around curry-style flavour. It’s broth-forward: aroma hits first, then the noodles soak up seasoning as they cook, giving you a fuller bowl with every minute. Fun note: High Rating + More Premium. The noodle texture is a key highlight—springy and slightly chewy when hot, with a smooth surface that absorbs broth or clings to sauce, so the flavour carries evenly from first bite to last.",110g,2,Vegetarian-friendly*,Soup,Vegetarian,M5,"Mushrooms, Tofu, Cabbage",These toppings soften in the broth adding sweetness umami and freshness while boosting texture and making every sip richer aroma.,Shrimp katsu,Crispy shrimp katsu brings crunch and sweetness pairing with spicy noodles and giving a hearty bite between slurps umami aroma.
Malaysia,Fish Broth Rice Vermicelli – MyKuali,"Fish Broth Rice Vermicelli from MyKuali is a well-loved instant noodle from Malaysia, built around seafood-style flavour. It’s broth-forward: aroma hits first, then the noodles soak up seasoning as they cook, giving you a fuller bowl with every minute. Fun note: High Rating + More Premium. The noodle texture is a key highlight—springy and slightly chewy when hot, with a smooth surface that absorbs broth or clings to sauce, so the flavour carries evenly from first bite to last.",90g,0,Seafood,Soup,Seafood,M5,"Crab sticks, Seaweed, Bok choy",These toppings soften in the broth adding sweetness umami and freshness while boosting texture and making every sip richer aroma.,Shrimp katsu,Crispy shrimp katsu brings crunch and sweetness pairing with spicy noodles and giving a hearty bite between slurps umami aroma.
Malaysia,Penang Red Tom Yum Goong Noodle – MyKuali,"Penang Red Tom Yum Goong Noodle from MyKuali is a well-loved instant noodle from Malaysia, built around tom yum-style flavour. It’s broth-forward: aroma hits first, then the noodles soak up seasoning as they cook, giving you a fuller bowl with every minute. Fun note: High Rating + More Premium. The noodle texture is a key highlight—springy and slightly chewy when hot, with a smooth surface that absorbs broth or clings to sauce, so the flavour carries evenly from first bite to last.",105g,3,Vegetarian-friendly*,Soup,Vegetarian,M5,"Mushrooms, Tofu, Cabbage",These toppings soften in the broth adding sweetness umami and freshness while boosting texture and making every sip richer aroma.,Shrimp katsu,Crispy shrimp katsu brings crunch and sweetness pairing with spicy noodles and giving a hearty bite between slurps umami aroma.
Malaysia,Penang Hokkien Prawn Noodle – MyKuali,"Penang Hokkien Prawn Noodle from MyKuali is a well-loved instant noodle from Malaysia, built around prawn-style flavour. It’s broth-forward: aroma hits first, then the noodles soak up seasoning as they cook, giving you a fuller bowl with every minute. Fun note: High Rating + More Premium. The noodle texture is a key highlight—springy and slightly chewy when hot, with a smooth surface that absorbs broth or clings to sauce, so the flavour carries evenly from first bite to last.",105g,0,Seafood,Soup,Seafood,M5,"Crab sticks, Seaweed, Bok choy",These toppings soften in the broth adding sweetness umami and freshness while boosting texture and making every sip richer aroma.,Shrimp katsu,Crispy shrimp katsu brings crunch and sweetness pairing with spicy noodles and giving a hearty bite between slurps umami aroma.
Malaysia,Mee Poh Dry – Myojo,"Mee Poh Dry from Myojo is a well-loved instant noodle from Malaysia, built around mee poh-style flavour. It’s sauce-forward: the noodles are meant to be drained and mixed so the seasoning coats every strand for a punchy, “mix-and-eat” finish. Fun note: Top Rated in Malaysia. The noodle texture is a key highlight—springy and slightly chewy when hot, with a smooth surface that absorbs broth or clings to sauce, so the flavour carries evenly from first bite to last.",80g,4,Vegetarian-friendly*,Dry,Vegetarian,M5,"Mushrooms, Tofu, Cabbage",These toppings mix into the sauce adding crunch umami and aroma while keeping noodles bold glossy and satisfying umami aroma.,Shrimp katsu,Crispy shrimp katsu brings crunch and sweetness pairing with spicy noodles and giving a hearty bite between slurps umami aroma.
Indonesia,Mi Goreng – Indomie,"Mi Goreng from Indomie is a well-loved instant noodle from Indonesia, built around goreng-style flavour. It’s sauce-forward: the noodles are meant to be drained and mixed so the seasoning coats every strand for a punchy, “mix-and-eat” finish. The noodle texture is a key highlight—springy and slightly chewy when hot, with a smooth surface that absorbs broth or clings to sauce, so the flavour carries evenly from first bite to last.",85g,0,Vegetarian-friendly*,Dry,Vegetarian,M5,"Mushrooms, Tofu, Cabbage",These toppings mix into the sauce adding crunch umami and aroma while keeping noodles bold glossy and satisfying umami aroma.,Shrimp katsu,Crispy shrimp katsu brings crunch and sweetness pairing with spicy noodles and giving a hearty bite between slurps umami aroma.
Indonesia,Mi Goreng Hot & Spicy – Indomie,"Mi Goreng Hot & Spicy from Indomie is a well-loved instant noodle from Indonesia, built around goreng-style flavour. It’s sauce-forward: the noodles are meant to be drained and mixed so the seasoning coats every strand for a punchy, “mix-and-eat” finish. The noodle texture is a key highlight—springy and slightly chewy when hot, with a smooth surface that absorbs broth or clings to sauce, so the flavour carries evenly from first bite to last.",80g,3,Vegetarian-friendly*,Dry,Vegetarian,M5,"Mushrooms, Tofu, Cabbage",These toppings mix into the sauce adding crunch umami and aroma while keeping noodles bold glossy and satisfying umami aroma.,Shrimp katsu,Crispy shrimp katsu brings crunch and sweetness pairing with spicy noodles and giving a hearty bite between slurps umami aroma.
Indonesia,Chicken Curry – Indomie,"Chicken Curry from Indomie is a well-loved instant noodle from Indonesia, built around chicken / curry-style flavour. It’s broth-forward: aroma hits first, then the noodles soak up seasoning as they cook, giving you a fuller bowl with every minute. The noodle texture is a key highlight—springy and slightly chewy when hot, with a smooth surface that absorbs broth or clings to sauce, so the flavour carries evenly from first bite to last.",80g,2,Meat (Chicken),Soup,Chicken,M5,"Eggs, Lettuce, Spring onions",These toppings soften in the broth adding sweetness umami and freshness while boosting texture and making every sip richer aroma.,Meatballs,Juicy meatballs add protein and comfort soaking up broth or sauce and turning a simple bowl into a full meal.
Indonesia,Special Chicken Soup Flavour – Indomie,"Special Chicken Soup Flavour from Indomie is a well-loved instant noodle from Indonesia, built around chicken-style flavour. It’s broth-forward: aroma hits first, then the noodles soak up seasoning as they cook, giving you a fuller bowl with every minute. The noodle texture is a key highlight—springy and slightly chewy when hot, with a smooth surface that absorbs broth or clings to sauce, so the flavour carries evenly from first bite to last.",75g,0,Meat (Chicken),Soup,Chicken,M5,"Eggs, Lettuce, Spring onions",These toppings soften in the broth adding sweetness umami and freshness while boosting texture and making every sip richer aroma.,Meatballs,Juicy meatballs add protein and comfort soaking up broth or sauce and turning a simple bowl into a full meal.
Indonesia,Ayam Bawang – Indomie,"Ayam Bawang from Indomie is a well-loved instant noodle from Indonesia, built around a signature flavour.",75g,0,Vegetarian-friendly*,Soup,Vegetarian,M5,"Mushrooms, Tofu, Cabbage",These toppings soften in the broth adding sweetness umami and freshness while boosting texture and making every sip richer aroma.,Shrimp katsu,Crispy shrimp katsu brings crunch and sweetness pairing with spicy noodles and giving a hearty bite between slurps umami aroma.
Indonesia,Soto Mie – Indomie,"Soto Mie from Indomie is a well-loved instant noodle from Indonesia, built around a signature flavour.",75g,0,Vegetarian-friendly*,Soup,Vegetarian,M5,"Mushrooms, Tofu, Cabbage",These toppings soften in the broth adding sweetness umami and freshness while boosting texture and making every sip richer aroma.,Shrimp katsu,Crispy shrimp katsu brings crunch and sweetness pairing with spicy noodles and giving a hearty bite between slurps umami aroma.
Indonesia,Mi Goreng Satay – Indomie,"Mi Goreng Satay from Indomie is a well-loved instant noodle from Indonesia, built around satay-style flavour. It’s sauce-forward: the noodles are meant to be drained and mixed so the seasoning coats every strand for a punchy, “mix-and-eat” finish. The noodle texture is a key highlight—springy and slightly chewy when hot, with a smooth surface that absorbs broth or clings to sauce, so the flavour carries evenly from first bite to last.",85g,2,Vegetarian-friendly*,Dry,Vegetarian,M5,"Mushrooms, Tofu, Cabbage",These toppings mix into the sauce adding crunch umami and aroma while keeping noodles bold glossy and satisfying umami aroma.,Shrimp katsu,Crispy shrimp katsu brings crunch and sweetness pairing with spicy noodles and giving a hearty bite between slurps umami aroma.
Indonesia,Vegetable with Lime – Indomie,"Vegetable with Lime from Indomie is a well-loved instant noodle from Indonesia, built around vegetable-style flavour. It’s broth-forward: aroma hits first, then the noodles soak up seasoning as they cook, giving you a fuller bowl with every minute. The noodle texture is a key highlight—springy and slightly chewy when hot, with a smooth surface that absorbs broth or clings to sauce, so the flavour carries evenly from first bite to last.",75g,0,Vegetarian/Vegan,Soup,Vegetarian,M5,"Mushrooms, Tofu, Cabbage",These toppings soften in the broth adding sweetness umami and freshness while boosting texture and making every sip richer aroma.,Shrimp katsu,Crispy shrimp katsu brings crunch and sweetness pairing with spicy noodles and giving a hearty bite between slurps umami aroma.
Indonesia,Rendang – Indomie,"Rendang from Indomie is a well-loved instant noodle from Indonesia, built around a signature flavour.",80g,0,Vegetarian-friendly*,Soup,Vegetarian,M5,"Mushrooms, Tofu, Cabbage",These toppings soften in the broth adding sweetness umami and freshness while boosting texture and making every sip richer aroma.,Shrimp katsu,Crispy shrimp katsu brings crunch and sweetness pairing with spicy noodles and giving a hearty bite between slurps umami aroma.
Indonesia,Goreng – Mie Sedap,"Goreng from Mie Sedap is a well-loved instant noodle from Indonesia, built around goreng-style flavour. It’s sauce-forward: the noodles are meant to be drained and mixed so the seasoning coats every strand for a punchy, “mix-and-eat” finish. The noodle texture is a key highlight—springy and slightly chewy when hot, with a smooth surface that absorbs broth or clings to sauce, so the flavour carries evenly from first bite to last.",90g,0,Vegetarian-friendly*,Dry,Vegetarian,M5,"Mushrooms, Tofu, Cabbage",These toppings mix into the sauce adding crunch umami and aroma while keeping noodles bold glossy and satisfying umami aroma.,Shrimp katsu,Crispy shrimp katsu brings crunch and sweetness pairing with spicy noodles and giving a hearty bite between slurps umami aroma.
Indonesia,Soto – Mie Sedap,"Soto from Mie Sedap is a well-loved instant noodle from Indonesia, built around soto-style flavour. It’s broth-forward: aroma hits first, then the noodles soak up seasoning as they cook, giving you a fuller bowl with every minute. The noodle texture is a key highlight—springy and slightly chewy when hot, with a smooth surface that absorbs broth or clings to sauce, so the flavour carries evenly from first bite to last.",75g,0,Vegetarian-friendly*,Soup,Vegetarian,M5,"Mushrooms, Tofu, Cabbage",These toppings soften in the broth adding sweetness umami and freshness while boosting texture and making every sip richer aroma.,Shrimp katsu,Crispy shrimp katsu brings crunch and sweetness pairing with spicy noodles and giving a hearty bite between slurps umami aroma.
Indonesia,Ayam Bawang – Mie Sedap,"Ayam Bawang from Mie Sedap is a well-loved instant noodle from Indonesia, built around chicken-style flavour. It’s broth-forward: aroma hits first, then the noodles soak up seasoning as they cook, giving you a fuller bowl with every minute. The noodle texture is a key highlight—springy and slightly chewy when hot, with a smooth surface that absorbs broth or clings to sauce, so the flavour carries evenly from first bite to last.",70g,0,Meat (Chicken),Soup,Chicken,M5,"Eggs, Lettuce, Spring onions",These toppings soften in the broth adding sweetness umami and freshness while boosting texture and making every sip richer aroma.,Meatballs,Juicy meatballs add protein and comfort soaking up broth or sauce and turning a simple bowl into a full meal.
Indonesia,Baso Special – Mie Sedap,"Baso Special from Mie Sedap is a well-loved instant noodle from Indonesia, built around baso-style flavour. It’s broth-forward: aroma hits first, then the noodles soak up seasoning as they cook, giving you a fuller bowl with every minute. The noodle texture is a key highlight—springy and slightly chewy when hot, with a smooth surface that absorbs broth or clings to sauce, so the flavour carries evenly from first bite to last.",77g,0,Vegetarian-friendly*,Soup,Vegetarian,M5,"Mushrooms, Tofu, Cabbage",These toppings soften in the broth adding sweetness umami and freshness while boosting texture and making every sip richer aroma.,Shrimp katsu,Crispy shrimp katsu brings crunch and sweetness pairing with spicy noodles and giving a hearty bite between slurps umami aroma.
Indonesia,Sambal Goreng – Mie Sedap,"Sambal Goreng from Mie Sedap is a well-loved instant noodle from Indonesia, built around sambal / goreng-style flavour. It’s sauce-forward: the noodles are meant to be drained and mixed so the seasoning coats every strand for a punchy, “mix-and-eat” finish. The noodle texture is a key highlight—springy and slightly chewy when hot, with a smooth surface that absorbs broth or clings to sauce, so the flavour carries evenly from first bite to last.",88g,0,Vegetarian-friendly*,Dry,Vegetarian,M5,"Mushrooms, Tofu, Cabbage",These toppings mix into the sauce adding crunch umami and aroma while keeping noodles bold glossy and satisfying umami aroma.,Shrimp katsu,Crispy shrimp katsu brings crunch and sweetness pairing with spicy noodles and giving a hearty bite between slurps umami aroma.
Indonesia,Curry Chicken Special – Mie Sedap,"Curry Chicken Special from Mie Sedap is a well-loved instant noodle from Indonesia, built around a signature flavour.",75g,2,Meat (Chicken),Soup,Chicken,M5,"Eggs, Lettuce, Spring onions",These toppings soften in the broth adding sweetness umami and freshness while boosting texture and making every sip richer aroma.,Meatballs,Juicy meatballs add protein and comfort soaking up broth or sauce and turning a simple bowl into a full meal.
Indonesia,White Curry – Mie Sedap,"White Curry from Mie Sedap is a well-loved instant noodle from Indonesia, built around a signature flavour.",75g,2,Vegetarian-friendly*,Soup,Vegetarian,M5,"Mushrooms, Tofu, Cabbage",These toppings soften in the broth adding sweetness umami and freshness while boosting texture and making every sip richer aroma.,Shrimp katsu,Crispy shrimp katsu brings crunch and sweetness pairing with spicy noodles and giving a hearty bite between slurps umami aroma.
Indonesia,Soto – Mie Sedap,"Soto from Mie Sedap is a well-loved instant noodle from Indonesia, built around a signature flavour.",75g,0,Vegetarian-friendly*,Soup,Vegetarian,M5,"Mushrooms, Tofu, Cabbage",These toppings soften in the broth adding sweetness umami and freshness while boosting texture and making every sip richer aroma.,Shrimp katsu,Crispy shrimp katsu brings crunch and sweetness pairing with spicy noodles and giving a hearty bite between slurps umami aroma.
Indonesia,Rasa Semur Ayam Bedas – Supermi,"Rasa Semur Ayam Bedas from Supermi is a well-loved instant noodle from Indonesia, built around chicken-style flavour. It’s broth-forward: aroma hits first, then the noodles soak up seasoning as they cook, giving you a fuller bowl with every minute. The noodle texture is a key highlight—springy and slightly chewy when hot, with a smooth surface that absorbs broth or clings to sauce, so the flavour carries evenly from first bite to last.",70g,0,Meat (Chicken),Soup,Chicken,M5,"Eggs, Lettuce, Spring onions",These toppings soften in the broth adding sweetness umami and freshness while boosting texture and making every sip richer aroma.,Meatballs,Juicy meatballs add protein and comfort soaking up broth or sauce and turning a simple bowl into a full meal.
Indonesia,Rasa Ayam Bawang – Supermi,"Rasa Ayam Bawang from Supermi is a well-loved instant noodle from Indonesia, built around chicken-style flavour. It’s broth-forward: aroma hits first, then the noodles soak up seasoning as they cook, giving you a fuller bowl with every minute. The noodle texture is a key highlight—springy and slightly chewy when hot, with a smooth surface that absorbs broth or clings to sauce, so the flavour carries evenly from first bite to last.",70g,0,Meat (Chicken),Soup,Chicken,M5,"Eggs, Lettuce, Spring onions",These toppings soften in the broth adding sweetness umami and freshness while boosting texture and making every sip richer aroma.,Meatballs,Juicy meatballs add protein and comfort soaking up broth or sauce and turning a simple bowl into a full meal.
Indonesia,Mie Goreng – Supermi,"Mie Goreng from Supermi is a well-loved instant noodle from Indonesia, built around a signature flavour.",80g,0,Vegetarian-friendly*,Dry,Vegetarian,M5,"Mushrooms, Tofu, Cabbage",These toppings soften in the broth adding sweetness umami and freshness while boosting texture and making every sip richer aroma.,Shrimp katsu,Crispy shrimp katsu brings crunch and sweetness pairing with spicy noodles and giving a hearty bite between slurps umami aroma.
Indonesia,Mie Goreng – Sakura,"Mie Goreng from Sakura is a well-loved instant noodle from Indonesia, built around a signature flavour.",80g,0,Vegetarian-friendly*,Dry,Vegetarian,M5,"Mushrooms, Tofu, Cabbage",These toppings soften in the broth adding sweetness umami and freshness while boosting texture and making every sip richer aroma.,Shrimp katsu,Crispy shrimp katsu brings crunch and sweetness pairing with spicy noodles and giving a hearty bite between slurps umami aroma.
Thailand,Tom Yum Shrimp – Mama,"Tom Yum Shrimp from Mama is a well-loved instant noodle from Thailand, built around tom yum-style flavour. It’s broth-forward: aroma hits first, then the noodles soak up seasoning as they cook, giving you a fuller bowl with every minute. Fun note: Top Seller. The noodle texture is a key highlight—springy and slightly chewy when hot, with a smooth surface that absorbs broth or clings to sauce, so the flavour carries evenly from first bite to last.",60g,3,Seafood,Soup,Seafood,M5,"Crab sticks, Seaweed, Bok choy",These toppings soften in the broth adding sweetness umami and freshness while boosting texture and making every sip richer aroma.,Shrimp katsu,Crispy shrimp katsu brings crunch and sweetness pairing with spicy noodles and giving a hearty bite between slurps umami aroma.
Thailand,Tom Yum Shrimp Jumbo – Mama,"Tom Yum Shrimp Jumbo from Mama is a well-loved instant noodle from Thailand, built around tom yum-style flavour. It’s broth-forward: aroma hits first, then the noodles soak up seasoning as they cook, giving you a fuller bowl with every minute. The noodle texture is a key highlight—springy and slightly chewy when hot, with a smooth surface that absorbs broth or clings to sauce, so the flavour carries evenly from first bite to last.",90g,3,Seafood,Soup,Seafood,M5,"Crab sticks, Seaweed, Bok choy",These toppings soften in the broth adding sweetness umami and freshness while boosting texture and making every sip richer aroma.,Shrimp katsu,Crispy shrimp katsu brings crunch and sweetness pairing with spicy noodles and giving a hearty bite between slurps umami aroma.
Thailand,Creamy Tom Yum – Mama,"Creamy Tom Yum from Mama is a well-loved instant noodle from Thailand, built around tom yum-style flavour. It’s broth-forward: aroma hits first, then the noodles soak up seasoning as they cook, giving you a fuller bowl with every minute. Fun note: Top Seller. The noodle texture is a key highlight—springy and slightly chewy when hot, with a smooth surface that absorbs broth or clings to sauce, so the flavour carries evenly from first bite to last.",55g,3,Vegetarian-friendly*,Soup,Vegetarian,M5,"Mushrooms, Tofu, Cabbage",These toppings soften in the broth adding sweetness umami and freshness while boosting texture and making every sip richer aroma.,Shrimp katsu,Crispy shrimp katsu brings crunch and sweetness pairing with spicy noodles and giving a hearty bite between slurps umami aroma.
Thailand,Pork Flavour – Mama,"Pork Flavour from Mama is a well-loved instant noodle from Thailand, built around pork-style flavour. It’s broth-forward: aroma hits first, then the noodles soak up seasoning as they cook, giving you a fuller bowl with every minute. The noodle texture is a key highlight—springy and slightly chewy when hot, with a smooth surface that absorbs broth or clings to sauce, so the flavour carries evenly from first bite to last.",60g,0,Meat (Pork),Soup,Pork,M5,"Naruto, Eggs, Spring onions",These toppings soften in the broth adding sweetness umami and freshness while boosting texture and making every sip richer aroma.,Meatballs,Juicy meatballs add protein and comfort soaking up broth or sauce and turning a simple bowl into a full meal.
Thailand,Quick Zabb Chilli Paste Tom Yum – WaiWai,"Quick Zabb Chilli Paste Tom Yum from WaiWai is a well-loved instant noodle from Thailand, built around tom yum-style flavour. It’s broth-forward: aroma hits first, then the noodles soak up seasoning as they cook, giving you a fuller bowl with every minute. Fun note: New. The noodle texture is a key highlight—springy and slightly chewy when hot, with a smooth surface that absorbs broth or clings to sauce, so the flavour carries evenly from first bite to last.",60g,3,Vegetarian-friendly*,Soup,Vegetarian,M5,"Mushrooms, Tofu, Cabbage",These toppings soften in the broth adding sweetness umami and freshness while boosting texture and making every sip richer aroma.,Shrimp katsu,Crispy shrimp katsu brings crunch and sweetness pairing with spicy noodles and giving a hearty bite between slurps umami aroma.
Thailand,Quick Zabb Hot & Spicy – WaiWai,"Quick Zabb Hot & Spicy from WaiWai is a well-loved instant noodle from Thailand, built around hot & spicy-style flavour. It’s broth-forward: aroma hits first, then the noodles soak up seasoning as they cook, giving you a fuller bowl with every minute. Fun note: New. The noodle texture is a key highlight—springy and slightly chewy when hot, with a smooth surface that absorbs broth or clings to sauce, so the flavour carries evenly from first bite to last.",55g,3,Vegetarian-friendly*,Soup,Vegetarian,M5,"Mushrooms, Tofu, Cabbage",These toppings soften in the broth adding sweetness umami and freshness while boosting texture and making every sip richer aroma.,Shrimp katsu,Crispy shrimp katsu brings crunch and sweetness pairing with spicy noodles and giving a hearty bite between slurps umami aroma.
Thailand,Quick Zabb Tom Yum Shrimp – WaiWai,"Quick Zabb Tom Yum Shrimp from WaiWai is a well-loved instant noodle from Thailand, built around tom yum-style flavour. It’s broth-forward: aroma hits first, then the noodles soak up seasoning as they cook, giving you a fuller bowl with every minute. Fun note: New. The noodle texture is a key highlight—springy and slightly chewy when hot, with a smooth surface that absorbs broth or clings to sauce, so the flavour carries evenly from first bite to last.",60g,3,Seafood,Soup,Seafood,M5,"Crab sticks, Seaweed, Bok choy",These toppings soften in the broth adding sweetness umami and freshness while boosting texture and making every sip richer aroma.,Shrimp katsu,Crispy shrimp katsu brings crunch and sweetness pairing with spicy noodles and giving a hearty bite between slurps umami aroma.
Thailand,Rice Vermicelli Crab Flavour Rice – Wai Wai,"Rice Vermicelli Crab Flavour Rice from Wai Wai is a well-loved instant noodle from Thailand, built around crab-style flavour. It comes in a porridge format, leaning into comfort and a hearty, satisfying texture. Fun note: Thailand Top 1 Product 2014.",60g,0,Seafood,Porridge,Seafood,M5,"Crab sticks, Seaweed, Bok choy",These toppings soften in the broth adding sweetness umami and freshness while boosting texture and making every sip richer aroma.,Shrimp katsu,Crispy shrimp katsu brings crunch and sweetness pairing with spicy noodles and giving a hearty bite between slurps umami aroma.
Thailand,Hot Chilli Lobster Instant Noodle – Nissin,"Hot Chilli Lobster Instant Noodle from Nissin is a well-loved instant noodle from Thailand, built around lobster-style flavour. It’s sauce-forward: the noodles are meant to be drained and mixed so the seasoning coats every strand for a punchy, “mix-and-eat” finish. The noodle texture is a key highlight—springy and slightly chewy when hot, with a smooth surface that absorbs broth or clings to sauce, so the flavour carries evenly from first bite to last.",60g,2,Seafood,Dry,Seafood,M5,"Crab sticks, Seaweed, Bok choy",These toppings mix into the sauce adding crunch umami and aroma while keeping noodles bold glossy and satisfying umami aroma.,Shrimp katsu,Crispy shrimp katsu brings crunch and sweetness pairing with spicy noodles and giving a hearty bite between slurps umami aroma.
Thailand,Nongshim Shin Ramyun Jay Fai Tom Yum Flavour – Nissin,"Nongshim Shin Ramyun Jay Fai Tom Yum Flavour from Nissin is a well-loved instant noodle from Thailand, built around tom yum-style flavour. It’s broth-forward: aroma hits first, then the noodles soak up seasoning as they cook, giving you a fuller bowl with every minute. Fun note: Collab with Famous Chef / Bangkok Michelin starred restaurant. The noodle texture is a key highlight—springy and slightly chewy when hot, with a smooth surface that absorbs broth or clings to sauce, so the flavour carries evenly from first bite to last.",123g,3,Vegetarian-friendly*,Soup,Vegetarian,M5,"Mushrooms, Tofu, Cabbage",These toppings soften in the broth adding sweetness umami and freshness while boosting texture and making every sip richer aroma.,Shrimp katsu,Crispy shrimp katsu brings crunch and sweetness pairing with spicy noodles and giving a hearty bite between slurps umami aroma.
India,2 Minute Noodles Masala – Maggi,"2 Minute Noodles Masala from Maggi is a well-loved instant noodle from India, built around masala-style flavour. It’s broth-forward: aroma hits first, then the noodles soak up seasoning as they cook, giving you a fuller bowl with every minute. Fun note: Most popular in India. The noodle texture is a key highlight—springy and slightly chewy when hot, with a smooth surface that absorbs broth or clings to sauce, so the flavour carries evenly from first bite to last.",70g,2,Vegetarian-friendly*,Soup,Vegetarian,M2,"Mushrooms, Tofu, Cabbage",These toppings soften in the broth adding sweetness umami and freshness while boosting texture and making every sip richer aroma.,Shrimp katsu,Crispy shrimp katsu brings crunch and sweetness pairing with spicy noodles and giving a hearty bite between slurps umami aroma.
India,2 Minute Noodles Special Masala – Maggi,"2 Minute Noodles Special Masala from Maggi is a well-loved instant noodle from India, built around masala-style flavour. It’s broth-forward: aroma hits first, then the noodles soak up seasoning as they cook, giving you a fuller bowl with every minute. Fun note: Most popular in India. The noodle texture is a key highlight—springy and slightly chewy when hot, with a smooth surface that absorbs broth or clings to sauce, so the flavour carries evenly from first bite to last.",70g,2,Vegetarian-friendly*,Soup,Vegetarian,M2,"Mushrooms, Tofu, Cabbage",These toppings soften in the broth adding sweetness umami and freshness while boosting texture and making every sip richer aroma.,Shrimp katsu,Crispy shrimp katsu brings crunch and sweetness pairing with spicy noodles and giving a hearty bite between slurps umami aroma.
India,2 Minute Veggie Masala Noodles – Maggi,"2 Minute Veggie Masala Noodles from Maggi is a well-loved instant noodle from India, built around veggie / masala-style flavour. It’s broth-forward: aroma hits first, then the noodles soak up seasoning as they cook, giving you a fuller bowl with every minute. Fun note: Most popular in India. The noodle texture is a key highlight—springy and slightly chewy when hot, with a smooth surface that absorbs broth or clings to sauce, so the flavour carries evenly from first bite to last.",70g,2,Vegetarian/Vegan,Soup,Vegetarian,M2,"Mushrooms, Tofu, Cabbage",These toppings soften in the broth adding sweetness umami and freshness while boosting texture and making every sip richer aroma.,Shrimp katsu,Crispy shrimp katsu brings crunch and sweetness pairing with spicy noodles and giving a hearty bite between slurps umami aroma.
India,Chicken Noodles – Maggi,"Chicken Noodles from Maggi is a well-loved instant noodle from India, built around chicken-style flavour. It’s broth-forward: aroma hits first, then the noodles soak up seasoning as they cook, giving you a fuller bowl with every minute. Fun note: Most popular in India. The noodle texture is a key highlight—springy and slightly chewy when hot, with a smooth surface that absorbs broth or clings to sauce, so the flavour carries evenly from first bite to last.",70g,0,Meat (Chicken),Soup,Chicken,M5,"Eggs, Lettuce, Spring onions",These toppings soften in the broth adding sweetness umami and freshness while boosting texture and making every sip richer aroma.,Meatballs,Juicy meatballs add protein and comfort soaking up broth or sauce and turning a simple bowl into a full meal.
India,Saucy Masala – YiPPee,"Saucy Masala from YiPPee is a well-loved instant noodle from India, built around masala-style flavour. It’s broth-forward: aroma hits first, then the noodles soak up seasoning as they cook, giving you a fuller bowl with every minute. Fun note: 2nd Most popular. The noodle texture is a key highlight—springy and slightly chewy when hot, with a smooth surface that absorbs broth or clings to sauce, so the flavour carries evenly from first bite to last.",70g,2,Vegetarian-friendly*,Soup,Vegetarian,M5,"Mushrooms, Tofu, Cabbage",These toppings soften in the broth adding sweetness umami and freshness while boosting texture and making every sip richer aroma.,Shrimp katsu,Crispy shrimp katsu brings crunch and sweetness pairing with spicy noodles and giving a hearty bite between slurps umami aroma.
India,Magic Masala – YiPPee,"Magic Masala from YiPPee is a well-loved instant noodle from India, built around masala-style flavour. It’s sauce-forward: the noodles are meant to be drained and mixed so the seasoning coats every strand for a punchy, “mix-and-eat” finish. Fun note: 2nd Most popular. The noodle texture is a key highlight—springy and slightly chewy when hot, with a smooth surface that absorbs broth or clings to sauce, so the flavour carries evenly from first bite to last.",70g,2,Vegetarian-friendly*,Dry,Vegetarian,M5,"Mushrooms, Tofu, Cabbage",These toppings mix into the sauce adding crunch umami and aroma while keeping noodles bold glossy and satisfying umami aroma.,Shrimp katsu,Crispy shrimp katsu brings crunch and sweetness pairing with spicy noodles and giving a hearty bite between slurps umami aroma.
India,Twisty Toasty Noodles – Patanjali,"Twisty Toasty Noodles from Patanjali is a well-loved instant noodle from India, built around veggie-style flavour. It’s sauce-forward: the noodles are meant to be drained and mixed so the seasoning coats every strand for a punchy, “mix-and-eat” finish. Fun note: 3rd Most popular / Healthier option. The noodle texture is a key highlight—springy and slightly chewy when hot, with a smooth surface that absorbs broth or clings to sauce, so the flavour carries evenly from first bite to last.",70g,0,Vegetarian/Vegan,Dry,Vegetarian,M5,"Mushrooms, Tofu, Cabbage",These toppings mix into the sauce adding crunch umami and aroma while keeping noodles bold glossy and satisfying umami aroma.,Shrimp katsu,Crispy shrimp katsu brings crunch and sweetness pairing with spicy noodles and giving a hearty bite between slurps umami aroma.
China,Kangsifu Braised Beef Instant Noodle – Master Kong,"Kangsifu Braised Beef Instant Noodle from Master Kong is a well-loved instant noodle from China, built around beef-style flavour. It’s broth-forward: aroma hits first, then the noodles soak up seasoning as they cook, giving you a fuller bowl with every minute. Fun note: Most popular flavour. Signature. The noodle texture is a key highlight—springy and slightly chewy when hot, with a smooth surface that absorbs broth or clings to sauce, so the flavour carries evenly from first bite to last.",106g,0,Meat (Beef),Soup,Beef,M5,"Eggs, Mushrooms, Spring onions",These toppings soften in the broth adding sweetness umami and freshness while boosting texture and making every sip richer aroma.,Meatballs,Juicy meatballs add protein and comfort soaking up broth or sauce and turning a simple bowl into a full meal.
China,Kangsifu Double Carrot Beef Brisket Noodle – Master Kong,"Kangsifu Double Carrot Beef Brisket Noodle from Master Kong is a well-loved instant noodle from China, built around beef-style flavour. It’s broth-forward: aroma hits first, then the noodles soak up seasoning as they cook, giving you a fuller bowl with every minute. The noodle texture is a key highlight—springy and slightly chewy when hot, with a smooth surface that absorbs broth or clings to sauce, so the flavour carries evenly from first bite to last.",104g,0,Meat (Beef),Soup,Beef,M5,"Eggs, Mushrooms, Spring onions",These toppings soften in the broth adding sweetness umami and freshness while boosting texture and making every sip richer aroma.,Meatballs,Juicy meatballs add protein and comfort soaking up broth or sauce and turning a simple bowl into a full meal.
China,Kangsifu Pickled Mustard Beef Noodle – Master Kong,"Kangsifu Pickled Mustard Beef Noodle from Master Kong is a well-loved instant noodle from China, built around beef-style flavour. It’s broth-forward: aroma hits first, then the noodles soak up seasoning as they cook, giving you a fuller bowl with every minute. The noodle texture is a key highlight—springy and slightly chewy when hot, with a smooth surface that absorbs broth or clings to sauce, so the flavour carries evenly from first bite to last.",104g,0,Meat (Beef),Soup,Beef,M5,"Eggs, Mushrooms, Spring onions",These toppings soften in the broth adding sweetness umami and freshness while boosting texture and making every sip richer aroma.,Meatballs,Juicy meatballs add protein and comfort soaking up broth or sauce and turning a simple bowl into a full meal.
China,Kangsifu Braised Beef Instant Noodle - Spicy Red – Master Kong,"Kangsifu Braised Beef Instant Noodle - Spicy Red from Master Kong is a well-loved instant noodle from China, built around beef-style flavour. It’s broth-forward: aroma hits first, then the noodles soak up seasoning as they cook, giving you a fuller bowl with every minute. The noodle texture is a key highlight—springy and slightly chewy when hot, with a smooth surface that absorbs broth or clings to sauce, so the flavour carries evenly from first bite to last.",106g,0,Meat (Beef),Soup,Beef,M5,"Eggs, Mushrooms, Spring onions",These toppings soften in the broth adding sweetness umami and freshness while boosting texture and making every sip richer aroma.,Meatballs,Juicy meatballs add protein and comfort soaking up broth or sauce and turning a simple bowl into a full meal.
China,Kangsifu Braised Ribs Noodle with Shallot Flavour – Master Kong,"Kangsifu Braised Ribs Noodle with Shallot Flavour from Master Kong is a well-loved instant noodle from China, built around pork-style flavour. It’s broth-forward: aroma hits first, then the noodles soak up seasoning as they cook, giving you a fuller bowl with every minute. Fun note: 2nd Most popular. The noodle texture is a key highlight—springy and slightly chewy when hot, with a smooth surface that absorbs broth or clings to sauce, so the flavour carries evenly from first bite to last.",107g,0,Meat (Pork),Soup,Pork,M5,"Naruto, Eggs, Spring onions",These toppings soften in the broth adding sweetness umami and freshness while boosting texture and making every sip richer aroma.,Meatballs,Juicy meatballs add protein and comfort soaking up broth or sauce and turning a simple bowl into a full meal.
China,Kangsifu Mushroom Chicken Noodle Soup – Master Kong,"Kangsifu Mushroom Chicken Noodle Soup from Master Kong is a well-loved instant noodle from China, built around chicken-style flavour. It’s broth-forward: aroma hits first, then the noodles soak up seasoning as they cook, giving you a fuller bowl with every minute. The noodle texture is a key highlight—springy and slightly chewy when hot, with a smooth surface that absorbs broth or clings to sauce, so the flavour carries evenly from first bite to last.",100g,0,Vegetarian/Vegan,Soup,Vegetarian,M5,"Mushrooms, Tofu, Cabbage",These toppings soften in the broth adding sweetness umami and freshness while boosting texture and making every sip richer aroma.,Shrimp katsu,Crispy shrimp katsu brings crunch and sweetness pairing with spicy noodles and giving a hearty bite between slurps umami aroma.
China,Kangsifu Tomato Egg & Beef Noodle – Master Kong,"Kangsifu Tomato Egg & Beef Noodle from Master Kong is a well-loved instant noodle from China, built around tomato / beef-style flavour. It’s broth-forward: aroma hits first, then the noodles soak up seasoning as they cook, giving you a fuller bowl with every minute. Fun note: New range. The noodle texture is a key highlight—springy and slightly chewy when hot, with a smooth surface that absorbs broth or clings to sauce, so the flavour carries evenly from first bite to last.",107g,0,Meat (Beef),Soup,Beef,M5,"Eggs, Mushrooms, Spring onions",These toppings soften in the broth adding sweetness umami and freshness while boosting texture and making every sip richer aroma.,Meatballs,Juicy meatballs add protein and comfort soaking up broth or sauce and turning a simple bowl into a full meal.
China,Kangsifu Seafood Flavour – Master Kong,"Kangsifu Seafood Flavour from Master Kong is a well-loved instant noodle from China, built around seafood-style flavour. It’s broth-forward: aroma hits first, then the noodles soak up seasoning as they cook, giving you a fuller bowl with every minute. The noodle texture is a key highlight—springy and slightly chewy when hot, with a smooth surface that absorbs broth or clings to sauce, so the flavour carries evenly from first bite to last.",98g,0,Seafood,Soup,Seafood,M5,"Crab sticks, Seaweed, Bok choy",These toppings soften in the broth adding sweetness umami and freshness while boosting texture and making every sip richer aroma.,Shrimp katsu,Crispy shrimp katsu brings crunch and sweetness pairing with spicy noodles and giving a hearty bite between slurps umami aroma.
China,Mushroom Chicken Flavour – Jinmailang,"Mushroom Chicken Flavour from Jinmailang is a well-loved instant noodle from China, built around chicken-style flavour. It’s broth-forward: aroma hits first, then the noodles soak up seasoning as they cook, giving you a fuller bowl with every minute. The noodle texture is a key highlight—springy and slightly chewy when hot, with a smooth surface that absorbs broth or clings to sauce, so the flavour carries evenly from first bite to last.",108g,0,Vegetarian/Vegan,Soup,Vegetarian,M5,"Mushrooms, Tofu, Cabbage",These toppings soften in the broth adding sweetness umami and freshness while boosting texture and making every sip richer aroma.,Shrimp katsu,Crispy shrimp katsu brings crunch and sweetness pairing with spicy noodles and giving a hearty bite between slurps umami aroma.
China,Braised Beef Flavour – Jinmailang,"Braised Beef Flavour from Jinmailang is a well-loved instant noodle from China, built around beef-style flavour. It’s broth-forward: aroma hits first, then the noodles soak up seasoning as they cook, giving you a fuller bowl with every minute. Fun note: Big competitor to Kangsifu. The noodle texture is a key highlight—springy and slightly chewy when hot, with a smooth surface that absorbs broth or clings to sauce, so the flavour carries evenly from first bite to last.",108g,0,Meat (Beef),Soup,Beef,M5,"Eggs, Mushrooms, Spring onions",These toppings soften in the broth adding sweetness umami and freshness while boosting texture and making every sip richer aroma.,Meatballs,Juicy meatballs add protein and comfort soaking up broth or sauce and turning a simple bowl into a full meal.
China,Hot and Sour Instant Noodle – Jinmailang,"Hot and Sour Instant Noodle from Jinmailang is a well-loved instant noodle from China, built around hot and sour-style flavour. It’s broth-forward: aroma hits first, then the noodles soak up seasoning as they cook, giving you a fuller bowl with every minute. The noodle texture is a key highlight—springy and slightly chewy when hot, with a smooth surface that absorbs broth or clings to sauce, so the flavour carries evenly from first bite to last.",108g,0,Vegetarian-friendly*,Soup,Vegetarian,M5,"Mushrooms, Tofu, Cabbage",These toppings soften in the broth adding sweetness umami and freshness while boosting texture and making every sip richer aroma.,Shrimp katsu,Crispy shrimp katsu brings crunch and sweetness pairing with spicy noodles and giving a hearty bite between slurps umami aroma.
China,Spicy King Spicy Chicken Instant Noodle – Jinmailang,"Spicy King Spicy Chicken Instant Noodle from Jinmailang is a well-loved instant noodle from China, built around chicken / spicy-style flavour. It’s broth-forward: aroma hits first, then the noodles soak up seasoning as they cook, giving you a fuller bowl with every minute. Fun note: Top 10 Noodle 2021. The noodle texture is a key highlight—springy and slightly chewy when hot, with a smooth surface that absorbs broth or clings to sauce, so the flavour carries evenly from first bite to last.",120g,4,Meat (Chicken),Soup,Chicken,M5,"Eggs, Lettuce, Spring onions",These toppings soften in the broth adding sweetness umami and freshness while boosting texture and making every sip richer aroma.,Meatballs,Juicy meatballs add protein and comfort soaking up broth or sauce and turning a simple bowl into a full meal.
China,Hot Pot Spicy Beef Noodles – Jinmailang,"Hot Pot Spicy Beef Noodles from Jinmailang is a well-loved instant noodle from China, built around beef-style flavour. It’s broth-forward: aroma hits first, then the noodles soak up seasoning as they cook, giving you a fuller bowl with every minute. The noodle texture is a key highlight—springy and slightly chewy when hot, with a smooth surface that absorbs broth or clings to sauce, so the flavour carries evenly from first bite to last.",120g,4,Meat (Beef),Soup,Beef,M5,"Eggs, Mushrooms, Spring onions",These toppings soften in the broth adding sweetness umami and freshness while boosting texture and making every sip richer aroma.,Meatballs,Juicy meatballs add protein and comfort soaking up broth or sauce and turning a simple bowl into a full meal.
China,Sichuan Baijia Chongqing Noodles Spicy Hot Flavour – Chongqing,"Sichuan Baijia Chongqing Noodles Spicy Hot Flavour from Chongqing is a well-loved instant noodle from China, built around spicy-style flavour. It’s broth-forward: aroma hits first, then the noodles soak up seasoning as they cook, giving you a fuller bowl with every minute. Fun note: Top 10 rated noodle 2021. The noodle texture is a key highlight—springy and slightly chewy when hot, with a smooth surface that absorbs broth or clings to sauce, so the flavour carries evenly from first bite to last.",110g,0,Vegetarian-friendly*,Soup,Vegetarian,M5,"Mushrooms, Tofu, Cabbage",These toppings soften in the broth adding sweetness umami and freshness while boosting texture and making every sip richer aroma.,Shrimp katsu,Crispy shrimp katsu brings crunch and sweetness pairing with spicy noodles and giving a hearty bite between slurps umami aroma.
China,Sichuan Baijia Chongqing Noodles Burning Dry Noodle – Chongqing,"Sichuan Baijia Chongqing Noodles Burning Dry Noodle from Chongqing is a well-loved instant noodle from China, built around spicy-style flavour. It’s broth-forward: aroma hits first, then the noodles soak up seasoning as they cook, giving you a fuller bowl with every minute. Fun note: Top 10 rated noodle 2021. The noodle texture is a key highlight—springy and slightly chewy when hot, with a smooth surface that absorbs broth or clings to sauce, so the flavour carries evenly from first bite to last.",110g,0,Vegetarian-friendly*,Soup,Vegetarian,M5,"Mushrooms, Tofu, Cabbage",These toppings soften in the broth adding sweetness umami and freshness while boosting texture and making every sip richer aroma.,Shrimp katsu,Crispy shrimp katsu brings crunch and sweetness pairing with spicy noodles and giving a hearty bite between slurps umami aroma.
China,Pork Bone Soup Instant Noodle – Baixiang,"Pork Bone Soup Instant Noodle from Baixiang is a well-loved instant noodle from China, built around pork-style flavour. It’s broth-forward: aroma hits first, then the noodles soak up seasoning as they cook, giving you a fuller bowl with every minute. Fun note: Increasing market share. The noodle texture is a key highlight—springy and slightly chewy when hot, with a smooth surface that absorbs broth or clings to sauce, so the flavour carries evenly from first bite to last.",90g,0,Meat (Pork),Soup,Pork,M5,"Naruto, Eggs, Spring onions",These toppings soften in the broth adding sweetness umami and freshness while boosting texture and making every sip richer aroma.,Meatballs,Juicy meatballs add protein and comfort soaking up broth or sauce and turning a simple bowl into a full meal.
China,Chicken Broth Flavour – Baixiang,"Chicken Broth Flavour from Baixiang is a well-loved instant noodle from China, built around chicken-style flavour. It’s broth-forward: aroma hits first, then the noodles soak up seasoning as they cook, giving you a fuller bowl with every minute. The noodle texture is a key highlight—springy and slightly chewy when hot, with a smooth surface that absorbs broth or clings to sauce, so the flavour carries evenly from first bite to last.",90g,0,Meat (Chicken),Soup,Chicken,M5,"Eggs, Lettuce, Spring onions",These toppings soften in the broth adding sweetness umami and freshness while boosting texture and making every sip richer aroma.,Meatballs,Juicy meatballs add protein and comfort soaking up broth or sauce and turning a simple bowl into a full meal.
China,Kangsifu Soyed Beef Flavour – Master Kong,"Kangsifu Soyed Beef Flavour from Master Kong is a well-loved instant noodle from China, built around beef-style flavour. It’s broth-forward: aroma hits first, then the noodles soak up seasoning as they cook, giving you a fuller bowl with every minute. The noodle texture is a key highlight—springy and slightly chewy when hot, with a smooth surface that absorbs broth or clings to sauce, so the flavour carries evenly from first bite to last.",105g,0,Meat (Beef),Soup,Beef,M5,"Eggs, Mushrooms, Spring onions",These toppings soften in the broth adding sweetness umami and freshness while boosting texture and making every sip richer aroma.,Meatballs,Juicy meatballs add protein and comfort soaking up broth or sauce and turning a simple bowl into a full meal.
Taiwan,Meteor Noodles with Danzai Sauce – A-Sha,"Meteor Noodles with Danzai Sauce from A-Sha is a well-loved instant noodle from Taiwan, built around danzai-style flavour. It’s sauce-forward: the noodles are meant to be drained and mixed so the seasoning coats every strand for a punchy, “mix-and-eat” finish. Fun note: Premium Quality, Restaurant Style. The noodle texture is a key highlight—springy and slightly chewy when hot, with a smooth surface that absorbs broth or clings to sauce, so the flavour carries evenly from first bite to last.",100g,0,Vegetarian-friendly*,Dry,Vegetarian,M5,"Mushrooms, Tofu, Cabbage",These toppings mix into the sauce adding crunch umami and aroma while keeping noodles bold glossy and satisfying umami aroma.,Shrimp katsu,Crispy shrimp katsu brings crunch and sweetness pairing with spicy noodles and giving a hearty bite between slurps umami aroma.
Taiwan,Taiwan Style Noodle – A-Sha,"Taiwan Style Noodle from A-Sha is a well-loved instant noodle from Taiwan, built around original-style flavour. It’s sauce-forward: the noodles are meant to be drained and mixed so the seasoning coats every strand for a punchy, “mix-and-eat” finish. Fun note: Super Premium. The noodle texture is a key highlight—springy and slightly chewy when hot, with a smooth surface that absorbs broth or clings to sauce, so the flavour carries evenly from first bite to last.",100g,0,Vegetarian-friendly*,Dry,Vegetarian,M5,"Mushrooms, Tofu, Cabbage",These toppings mix into the sauce adding crunch umami and aroma while keeping noodles bold glossy and satisfying umami aroma.,Shrimp katsu,Crispy shrimp katsu brings crunch and sweetness pairing with spicy noodles and giving a hearty bite between slurps umami aroma.
Taiwan,Hello Kitty Hand Pulled Noodles with Scallion Sauce – A-Sha,"Hello Kitty Hand Pulled Noodles with Scallion Sauce from A-Sha is a well-loved instant noodle from Taiwan, built around scallion-style flavour. It’s sauce-forward: the noodles are meant to be drained and mixed so the seasoning coats every strand for a punchy, “mix-and-eat” finish. Fun note: Super Premium. The noodle texture is a key highlight—springy and slightly chewy when hot, with a smooth surface that absorbs broth or clings to sauce, so the flavour carries evenly from first bite to last.",100g,0,Vegetarian-friendly*,Dry,Vegetarian,M5,"Mushrooms, Tofu, Cabbage",These toppings mix into the sauce adding crunch umami and aroma while keeping noodles bold glossy and satisfying umami aroma.,Shrimp katsu,Crispy shrimp katsu brings crunch and sweetness pairing with spicy noodles and giving a hearty bite between slurps umami aroma.
Taiwan,Meteor Noodles Braised Beef Sauce – A-Sha,"Meteor Noodles Braised Beef Sauce from A-Sha is a well-loved instant noodle from Taiwan, built around beef-style flavour. It’s sauce-forward: the noodles are meant to be drained and mixed so the seasoning coats every strand for a punchy, “mix-and-eat” finish. Fun note: Most popular in the brand. The noodle texture is a key highlight—springy and slightly chewy when hot, with a smooth surface that absorbs broth or clings to sauce, so the flavour carries evenly from first bite to last.",118g,0,Meat (Beef),Dry,Beef,M5,"Eggs, Mushrooms, Spring onions",These toppings mix into the sauce adding crunch umami and aroma while keeping noodles bold glossy and satisfying umami aroma.,Meatballs,Juicy meatballs add protein and comfort soaking up broth or sauce and turning a simple bowl into a full meal.
Taiwan,Mom's Dry Noodle Dan Dan – Surfmama,"Mom's Dry Noodle Dan Dan from Surfmama is a well-loved instant noodle from Taiwan, built around dan dan-style flavour. It’s sauce-forward: the noodles are meant to be drained and mixed so the seasoning coats every strand for a punchy, “mix-and-eat” finish. Fun note: Superior Taste Award; hard to get. The noodle texture is a key highlight—springy and slightly chewy when hot, with a smooth surface that absorbs broth or clings to sauce, so the flavour carries evenly from first bite to last.",129g,0,Vegetarian-friendly*,Dry,Vegetarian,M5,"Mushrooms, Tofu, Cabbage",These toppings mix into the sauce adding crunch umami and aroma while keeping noodles bold glossy and satisfying umami aroma.,Shrimp katsu,Crispy shrimp katsu brings crunch and sweetness pairing with spicy noodles and giving a hearty bite between slurps umami aroma.
Singapore,Black Pepper Fried Signature Noodles – Koka,"Black Pepper Fried Signature Noodles from Koka is a well-loved instant noodle from Singapore, built around pepper-style flavour. It’s sauce-forward: the noodles are meant to be drained and mixed so the seasoning coats every strand for a punchy, “mix-and-eat” finish. Fun note: Known for no MSG flavour. The noodle texture is a key highlight—springy and slightly chewy when hot, with a smooth surface that absorbs broth or clings to sauce, so the flavour carries evenly from first bite to last.",85g,2,Vegetarian-friendly*,Dry,Vegetarian,M5,"Mushrooms, Tofu, Cabbage",These toppings mix into the sauce adding crunch umami and aroma while keeping noodles bold glossy and satisfying umami aroma.,Shrimp katsu,Crispy shrimp katsu brings crunch and sweetness pairing with spicy noodles and giving a hearty bite between slurps umami aroma.
Singapore,Chicken Signature Noodles – Koka,"Chicken Signature Noodles from Koka is a well-loved instant noodle from Singapore, built around chicken-style flavour. It’s broth-forward: aroma hits first, then the noodles soak up seasoning as they cook, giving you a fuller bowl with every minute. The noodle texture is a key highlight—springy and slightly chewy when hot, with a smooth surface that absorbs broth or clings to sauce, so the flavour carries evenly from first bite to last.",85g,0,Meat (Chicken),Soup,Chicken,M5,"Eggs, Lettuce, Spring onions",These toppings soften in the broth adding sweetness umami and freshness while boosting texture and making every sip richer aroma.,Meatballs,Juicy meatballs add protein and comfort soaking up broth or sauce and turning a simple bowl into a full meal.
Singapore,Laksa Singapura Signature Noodles – Koka,"Laksa Singapura Signature Noodles from Koka is a well-loved instant noodle from Singapore, built around laksa-style flavour. It’s broth-forward: aroma hits first, then the noodles soak up seasoning as they cook, giving you a fuller bowl with every minute. The noodle texture is a key highlight—springy and slightly chewy when hot, with a smooth surface that absorbs broth or clings to sauce, so the flavour carries evenly from first bite to last.",85g,0,Vegetarian-friendly*,Soup,Vegetarian,M5,"Mushrooms, Tofu, Cabbage",These toppings soften in the broth adding sweetness umami and freshness while boosting texture and making every sip richer aroma.,Shrimp katsu,Crispy shrimp katsu brings crunch and sweetness pairing with spicy noodles and giving a hearty bite between slurps umami aroma.
Singapore,Pepper Crab Signature Noodles – Koka,"Pepper Crab Signature Noodles from Koka is a well-loved instant noodle from Singapore, built around crab-style flavour. It’s broth-forward: aroma hits first, then the noodles soak up seasoning as they cook, giving you a fuller bowl with every minute. The noodle texture is a key highlight—springy and slightly chewy when hot, with a smooth surface that absorbs broth or clings to sauce, so the flavour carries evenly from first bite to last.",85g,2,Seafood,Soup,Seafood,M5,"Crab sticks, Seaweed, Bok choy",These toppings soften in the broth adding sweetness umami and freshness while boosting texture and making every sip richer aroma.,Shrimp katsu,Crispy shrimp katsu brings crunch and sweetness pairing with spicy noodles and giving a hearty bite between slurps umami aroma.
Singapore,Mushroom Signature Noodles – Koka,"Mushroom Signature Noodles from Koka is a well-loved instant noodle from Singapore, built around mushroom-style flavour. It’s broth-forward: aroma hits first, then the noodles soak up seasoning as they cook, giving you a fuller bowl with every minute. The noodle texture is a key highlight—springy and slightly chewy when hot, with a smooth surface that absorbs broth or clings to sauce, so the flavour carries evenly from first bite to last.",85g,0,Vegetarian/Vegan,Soup,Vegetarian,M5,"Mushrooms, Tofu, Cabbage",These toppings soften in the broth adding sweetness umami and freshness while boosting texture and making every sip richer aroma.,Shrimp katsu,Crispy shrimp katsu brings crunch and sweetness pairing with spicy noodles and giving a hearty bite between slurps umami aroma.
Singapore,Salted Egg Instant Noodle Regular – Nissin / Irwin,"Salted Egg Instant Noodle Regular from Nissin / Irwin is a well-loved instant noodle from Singapore, built around salted egg-style flavour. It’s sauce-forward: the noodles are meant to be drained and mixed so the seasoning coats every strand for a punchy, “mix-and-eat” finish. The noodle texture is a key highlight—springy and slightly chewy when hot, with a smooth surface that absorbs broth or clings to sauce, so the flavour carries evenly from first bite to last.",113g,0,Vegetarian-friendly*,Dry,Vegetarian,M5,"Mushrooms, Tofu, Cabbage",These toppings mix into the sauce adding crunch umami and aroma while keeping noodles bold glossy and satisfying umami aroma.,Shrimp katsu,Crispy shrimp katsu brings crunch and sweetness pairing with spicy noodles and giving a hearty bite between slurps umami aroma.
Singapore,Salted Egg Instant Noodle Spicy – Nissin / Irwin,"Salted Egg Instant Noodle Spicy from Nissin / Irwin is a well-loved instant noodle from Singapore, built around spicy-style flavour. It’s sauce-forward: the noodles are meant to be drained and mixed so the seasoning coats every strand for a punchy, “mix-and-eat” finish. The noodle texture is a key highlight—springy and slightly chewy when hot, with a smooth surface that absorbs broth or clings to sauce, so the flavour carries evenly from first bite to last.",113g,0,Vegetarian-friendly*,Dry,Vegetarian,M5,"Mushrooms, Tofu, Cabbage",These toppings mix into the sauce adding crunch umami and aroma while keeping noodles bold glossy and satisfying umami aroma.,Shrimp katsu,Crispy shrimp katsu brings crunch and sweetness pairing with spicy noodles and giving a hearty bite between slurps umami aroma.
Singapore,Salted Egg Instant Noodle Mala – Nissin / Irwin,"Salted Egg Instant Noodle Mala from Nissin / Irwin is a well-loved instant noodle from Singapore, built around mala-style flavour. It’s sauce-forward: the noodles are meant to be drained and mixed so the seasoning coats every strand for a punchy, “mix-and-eat” finish. The noodle texture is a key highlight—springy and slightly chewy when hot, with a smooth surface that absorbs broth or clings to sauce, so the flavour carries evenly from first bite to last.",113g,4,Vegetarian-friendly*,Dry,Vegetarian,M5,"Mushrooms, Tofu, Cabbage",These toppings mix into the sauce adding crunch umami and aroma while keeping noodles bold glossy and satisfying umami aroma.,Shrimp katsu,Crispy shrimp katsu brings crunch and sweetness pairing with spicy noodles and giving a hearty bite between slurps umami aroma.
Singapore,Instant Pancit Canton Kalamansi – Lucky Me!,"Instant Pancit Canton Kalamansi from Lucky Me! is a well-loved instant noodle from Philippines, built around kalamansi-style flavour. It’s sauce-forward: the noodles are meant to be drained and mixed so the seasoning coats every strand for a punchy, “mix-and-eat” finish. Fun note: Staple in Philippines home. The noodle texture is a key highlight—springy and slightly chewy when hot, with a smooth surface that absorbs broth or clings to sauce, so the flavour carries evenly from first bite to last.",60g,0,Vegetarian-friendly*,Dry,Vegetarian,M5,"Mushrooms, Tofu, Cabbage",These toppings mix into the sauce adding crunch umami and aroma while keeping noodles bold glossy and satisfying umami aroma.,Shrimp katsu,Crispy shrimp katsu brings crunch and sweetness pairing with spicy noodles and giving a hearty bite between slurps umami aroma.
Singapore,Instant Pancit Canton Hot Chilli – Lucky Me!,"Instant Pancit Canton Hot Chilli from Lucky Me! is a well-loved instant noodle from Philippines, built around hot chilli-style flavour. It’s sauce-forward: the noodles are meant to be drained and mixed so the seasoning coats every strand for a punchy, “mix-and-eat” finish. The noodle texture is a key highlight—springy and slightly chewy when hot, with a smooth surface that absorbs broth or clings to sauce, so the flavour carries evenly from first bite to last.",60g,2,Vegetarian-friendly*,Dry,Vegetarian,M3,"Mushrooms, Tofu, Cabbage",These toppings mix into the sauce adding crunch umami and aroma while keeping noodles bold glossy and satisfying umami aroma.,Shrimp katsu,Crispy shrimp katsu brings crunch and sweetness pairing with spicy noodles and giving a hearty bite between slurps umami aroma.
Singapore,Instant Pancit Canton Chili-Mansi – Lucky Me!,"Instant Pancit Canton Chili-Mansi from Lucky Me! is a well-loved instant noodle from Philippines, built around chili-mansi-style flavour. It’s sauce-forward: the noodles are meant to be drained and mixed so the seasoning coats every strand for a punchy, “mix-and-eat” finish. Fun note: Staple in Philippines home. The noodle texture is a key highlight—springy and slightly chewy when hot, with a smooth surface that absorbs broth or clings to sauce, so the flavour carries evenly from first bite to last.",60g,2,Vegetarian-friendly*,Dry,Vegetarian,M5,"Mushrooms, Tofu, Cabbage",These toppings mix into the sauce adding crunch umami and aroma while keeping noodles bold glossy and satisfying umami aroma.,Shrimp katsu,Crispy shrimp katsu brings crunch and sweetness pairing with spicy noodles and giving a hearty bite between slurps umami aroma.
Singapore,Instant Pancit Canton Original – Lucky Me!,"Instant Pancit Canton Original from Lucky Me! is a well-loved instant noodle from Philippines, built around original-style flavour. It’s sauce-forward: the noodles are meant to be drained and mixed so the seasoning coats every strand for a punchy, “mix-and-eat” finish. The noodle texture is a key highlight—springy and slightly chewy when hot, with a smooth surface that absorbs broth or clings to sauce, so the flavour carries evenly from first bite to last.",60g,0,Vegetarian-friendly*,Dry,Vegetarian,M5,"Mushrooms, Tofu, Cabbage",These toppings mix into the sauce adding crunch umami and aroma while keeping noodles bold glossy and satisfying umami aroma.,Shrimp katsu,Crispy shrimp katsu brings crunch and sweetness pairing with spicy noodles and giving a hearty bite between slurps umami aroma.
Singapore,Instant Mami Pancit Canton Beef – Quickchow,"Instant Mami Pancit Canton Beef from Quickchow is a well-loved instant noodle from Philippines, built around beef-style flavour. It’s sauce-forward: the noodles are meant to be drained and mixed so the seasoning coats every strand for a punchy, “mix-and-eat” finish. Fun note: Affordable, more rural. The noodle texture is a key highlight—springy and slightly chewy when hot, with a smooth surface that absorbs broth or clings to sauce, so the flavour carries evenly from first bite to last.",55g,0,Meat (Beef),Dry,Beef,M5,"Eggs, Mushrooms, Spring onions",These toppings mix into the sauce adding crunch umami and aroma while keeping noodles bold glossy and satisfying umami aroma.,Meatballs,Juicy meatballs add protein and comfort soaking up broth or sauce and turning a simple bowl into a full meal.
Singapore,Instant Mami Pancit Canton Chicken – Quickchow,"Instant Mami Pancit Canton Chicken from Quickchow is a well-loved instant noodle from Philippines, built around chicken-style flavour. It’s sauce-forward: the noodles are meant to be drained and mixed so the seasoning coats every strand for a punchy, “mix-and-eat” finish. The noodle texture is a key highlight—springy and slightly chewy when hot, with a smooth surface that absorbs broth or clings to sauce, so the flavour carries evenly from first bite to last.",55g,0,Meat (Chicken),Dry,Chicken,M5,"Eggs, Lettuce, Spring onions",These toppings mix into the sauce adding crunch umami and aroma while keeping noodles bold glossy and satisfying umami aroma.,Meatballs,Juicy meatballs add protein and comfort soaking up broth or sauce and turning a simple bowl into a full meal.
Singapore,Instant Pancit Canton Sweet & Spicy – Lucky Me!,"Instant Pancit Canton Sweet & Spicy from Lucky Me! is a well-loved instant noodle from Philippines, built around chow mien-style flavour. It’s sauce-forward: the noodles are meant to be drained and mixed so the seasoning coats every strand for a punchy, “mix-and-eat” finish. The noodle texture is a key highlight—springy and slightly chewy when hot, with a smooth surface that absorbs broth or clings to sauce, so the flavour carries evenly from first bite to last.",60g,0,Vegetarian-friendly*,Dry,Vegetarian,M5,"Mushrooms, Tofu, Cabbage",These toppings mix into the sauce adding crunch umami and aroma while keeping noodles bold glossy and satisfying umami aroma.,Shrimp katsu,Crispy shrimp katsu brings crunch and sweetness pairing with spicy noodles and giving a hearty bite between slurps umami aroma.
Singapore,Hao Hao Spicy & Sour Shrimp Flavour – Acecook,"Hao Hao Spicy & Sour Shrimp Flavour from Acecook is a well-loved instant noodle from Vietnam, built around shrimp-style flavour. It’s broth-forward: aroma hits first, then the noodles soak up seasoning as they cook, giving you a fuller bowl with every minute. Fun note: Most popular in Vietnam. The noodle texture is a key highlight—springy and slightly chewy when hot, with a smooth surface that absorbs broth or clings to sauce, so the flavour carries evenly from first bite to last.",75g,0,Seafood,Soup,Seafood,M5,"Crab sticks, Seaweed, Bok choy",These toppings soften in the broth adding sweetness umami and freshness while boosting texture and making every sip richer aroma.,Shrimp katsu,Crispy shrimp katsu brings crunch and sweetness pairing with spicy noodles and giving a hearty bite between slurps umami aroma.
Singapore,Hao Hao Golden Chicken Flavour – Acecook,"Hao Hao Golden Chicken Flavour from Acecook is a well-loved instant noodle from Vietnam, built around chicken-style flavour. It’s broth-forward: aroma hits first, then the noodles soak up seasoning as they cook, giving you a fuller bowl with every minute. The noodle texture is a key highlight—springy and slightly chewy when hot, with a smooth surface that absorbs broth or clings to sauce, so the flavour carries evenly from first bite to last.",74g,0,Meat (Chicken),Soup,Chicken,M5,"Eggs, Lettuce, Spring onions",These toppings soften in the broth adding sweetness umami and freshness while boosting texture and making every sip richer aroma.,Meatballs,Juicy meatballs add protein and comfort soaking up broth or sauce and turning a simple bowl into a full meal.
Singapore,Hao Hao Vegetable and Mushroom Vegan – Acecook,"Hao Hao Vegetable and Mushroom Vegan from Acecook is a well-loved instant noodle from Vietnam, built around vegan-style flavour. It’s broth-forward: aroma hits first, then the noodles soak up seasoning as they cook, giving you a fuller bowl with every minute. The noodle texture is a key highlight—springy and slightly chewy when hot, with a smooth surface that absorbs broth or clings to sauce, so the flavour carries evenly from first bite to last.",74g,0,Vegetarian/Vegan,Soup,Vegetarian,M5,"Mushrooms, Tofu, Cabbage",These toppings soften in the broth adding sweetness umami and freshness while boosting texture and making every sip richer aroma.,Shrimp katsu,Crispy shrimp katsu brings crunch and sweetness pairing with spicy noodles and giving a hearty bite between slurps umami aroma.
Singapore,Hao Hao Satay and Shallot Flavoured Noodle – Acecook,"Hao Hao Satay and Shallot Flavoured Noodle from Acecook is a well-loved instant noodle from Vietnam, built around satay-style flavour. It’s broth-forward: aroma hits first, then the noodles soak up seasoning as they cook, giving you a fuller bowl with every minute. The noodle texture is a key highlight—springy and slightly chewy when hot, with a smooth surface that absorbs broth or clings to sauce, so the flavour carries evenly from first bite to last.",75g,2,Vegetarian-friendly*,Soup,Vegetarian,M5,"Mushrooms, Tofu, Cabbage",These toppings soften in the broth adding sweetness umami and freshness while boosting texture and making every sip richer aroma.,Shrimp katsu,Crispy shrimp katsu brings crunch and sweetness pairing with spicy noodles and giving a hearty bite between slurps umami aroma.
Singapore,Hao Hao Noodles with Sweet & Sour Stir Fried Shrimp – Acecook,"Hao Hao Noodles with Sweet & Sour Stir Fried Shrimp from Acecook is a well-loved instant noodle from Vietnam, built around sweet & sour-style flavour. It’s broth-forward: aroma hits first, then the noodles soak up seasoning as they cook, giving you a fuller bowl with every minute. The noodle texture is a key highlight—springy and slightly chewy when hot, with a smooth surface that absorbs broth or clings to sauce, so the flavour carries evenly from first bite to last.",75g,0,Seafood,Soup,Seafood,M5,"Crab sticks, Seaweed, Bok choy",These toppings soften in the broth adding sweetness umami and freshness while boosting texture and making every sip richer aroma.,Shrimp katsu,Crispy shrimp katsu brings crunch and sweetness pairing with spicy noodles and giving a hearty bite between slurps umami aroma.
Singapore,Mi Lau Thai Thai Shrimp Hot Pot Flavour – Acecook,"Mi Lau Thai Thai Shrimp Hot Pot Flavour from Acecook is a well-loved instant noodle from Vietnam, built around tom yum-style flavour. It’s broth-forward: aroma hits first, then the noodles soak up seasoning as they cook, giving you a fuller bowl with every minute. Fun note: Rural variant. The noodle texture is a key highlight—springy and slightly chewy when hot, with a smooth surface that absorbs broth or clings to sauce, so the flavour carries evenly from first bite to last.",80g,4,Seafood,Soup,Seafood,M5,"Crab sticks, Seaweed, Bok choy",These toppings soften in the broth adding sweetness umami and freshness while boosting texture and making every sip richer aroma.,Shrimp katsu,Crispy shrimp katsu brings crunch and sweetness pairing with spicy noodles and giving a hearty bite between slurps umami aroma.
Singapore,De Nhat Minced Meat Flavoured Noodle – Acecook,"De Nhat Minced Meat Flavoured Noodle from Acecook is a well-loved instant noodle from Vietnam, built around mince-style flavour. It’s broth-forward: aroma hits first, then the noodles soak up seasoning as they cook, giving you a fuller bowl with every minute. Fun note: Rural variant. The noodle texture is a key highlight—springy and slightly chewy when hot, with a smooth surface that absorbs broth or clings to sauce, so the flavour carries evenly from first bite to last.",72g,0,Meat,Soup,Meat,M5,"Cabbage, Spring onions, Mushrooms",These toppings soften in the broth adding sweetness umami and freshness while boosting texture and making every sip richer aroma.,Meatballs,Juicy meatballs add protein and comfort soaking up broth or sauce and turning a simple bowl into a full meal.
Singapore,Chin-Su Beef Flavour Xot Bo Ham – Omachi,"Chin-Su Beef Flavour Xot Bo Ham from Omachi is a well-loved instant noodle from Vietnam, built around beef-style flavour. It’s broth-forward: aroma hits first, then the noodles soak up seasoning as they cook, giving you a fuller bowl with every minute. Fun note: 2nd most popular brands in Vietnam. The noodle texture is a key highlight—springy and slightly chewy when hot, with a smooth surface that absorbs broth or clings to sauce, so the flavour carries evenly from first bite to last.",80g,0,Meat (Beef),Soup,Beef,M5,"Eggs, Mushrooms, Spring onions",These toppings soften in the broth adding sweetness umami and freshness while boosting texture and making every sip richer aroma.,Meatballs,Juicy meatballs add protein and comfort soaking up broth or sauce and turning a simple bowl into a full meal.
Singapore,Chin-Su Rib Soup Flavour Suon Ham – Omachi,"Chin-Su Rib Soup Flavour Suon Ham from Omachi is a well-loved instant noodle from Vietnam, built around pork-style flavour. It’s broth-forward: aroma hits first, then the noodles soak up seasoning as they cook, giving you a fuller bowl with every minute. The noodle texture is a key highlight—springy and slightly chewy when hot, with a smooth surface that absorbs broth or clings to sauce, so the flavour carries evenly from first bite to last.",80g,0,Meat (Pork),Soup,Pork,M5,"Naruto, Eggs, Spring onions",These toppings soften in the broth adding sweetness umami and freshness while boosting texture and making every sip richer aroma.,Meatballs,Juicy meatballs add protein and comfort soaking up broth or sauce and turning a simple bowl into a full meal.
Singapore,Chin-Su Shrimp Flavour – Omachi,"Chin-Su Shrimp Flavour from Omachi is a well-loved instant noodle from Vietnam, built around shrimp-style flavour. It’s broth-forward: aroma hits first, then the noodles soak up seasoning as they cook, giving you a fuller bowl with every minute. The noodle texture is a key highlight—springy and slightly chewy when hot, with a smooth surface that absorbs broth or clings to sauce, so the flavour carries evenly from first bite to last.",78g,0,Seafood,Soup,Seafood,M5,"Crab sticks, Seaweed, Bok choy",These toppings soften in the broth adding sweetness umami and freshness while boosting texture and making every sip richer aroma.,Shrimp katsu,Crispy shrimp katsu brings crunch and sweetness pairing with spicy noodles and giving a hearty bite between slurps umami aroma.
Singapore,Instant Spaghetti Flavour – Omachi,"Instant Spaghetti Flavour from Omachi is a well-loved instant noodle from Vietnam, built around spaghetti-style flavour. It’s sauce-forward: the noodles are meant to be drained and mixed so the seasoning coats every strand for a punchy, “mix-and-eat” finish. Fun note: Niche flavour. The noodle texture is a key highlight—springy and slightly chewy when hot, with a smooth surface that absorbs broth or clings to sauce, so the flavour carries evenly from first bite to last.",90g,0,Vegetarian-friendly*,Dry,Vegetarian,M5,"Mushrooms, Tofu, Cabbage",These toppings mix into the sauce adding crunch umami and aroma while keeping noodles bold glossy and satisfying umami aroma.,Shrimp katsu,Crispy shrimp katsu brings crunch and sweetness pairing with spicy noodles and giving a hearty bite between slurps umami aroma.
Singapore,3 Mien Instant Noodle Sour & Spicy Shrimp Flavour – Uniben,"3 Mien Instant Noodle Sour & Spicy Shrimp Flavour from Uniben is a well-loved instant noodle from Vietnam, built around shrimp-style flavour. It’s broth-forward: aroma hits first, then the noodles soak up seasoning as they cook, giving you a fuller bowl with every minute. Fun note: Third most popular. The noodle texture is a key highlight—springy and slightly chewy when hot, with a smooth surface that absorbs broth or clings to sauce, so the flavour carries evenly from first bite to last.",65g,0,Seafood,Soup,Seafood,M5,"Crab sticks, Seaweed, Bok choy",These toppings soften in the broth adding sweetness umami and freshness while boosting texture and making every sip richer aroma.,Shrimp katsu,Crispy shrimp katsu brings crunch and sweetness pairing with spicy noodles and giving a hearty bite between slurps umami aroma.
Singapore,3 Mien Instant Noodle Lobster Flavour – Uniben,"3 Mien Instant Noodle Lobster Flavour from Uniben is a well-loved instant noodle from Vietnam, built around shrimp-style flavour. It’s broth-forward: aroma hits first, then the noodles soak up seasoning as they cook, giving you a fuller bowl with every minute. The noodle texture is a key highlight—springy and slightly chewy when hot, with a smooth surface that absorbs broth or clings to sauce, so the flavour carries evenly from first bite to last.",65g,0,Seafood,Soup,Seafood,M5,"Crab sticks, Seaweed, Bok choy",These toppings soften in the broth adding sweetness umami and freshness while boosting texture and making every sip richer aroma.,Shrimp katsu,Crispy shrimp katsu brings crunch and sweetness pairing with spicy noodles and giving a hearty bite between slurps umami aroma.
Singapore,3 Mien Gold Instant Pho Chicken Flavour – Uniben,"3 Mien Gold Instant Pho Chicken Flavour from Uniben is a well-loved instant noodle from Vietnam, built around chicken-style flavour. It’s broth-forward: aroma hits first, then the noodles soak up seasoning as they cook, giving you a fuller bowl with every minute. Fun note: 3 Mien represents North, Central & South. The noodle texture is a key highlight—springy and slightly chewy when hot, with a smooth surface that absorbs broth or clings to sauce, so the flavour carries evenly from first bite to last.",75g,0,Meat (Chicken),Soup,Chicken,M5,"Eggs, Lettuce, Spring onions",These toppings soften in the broth adding sweetness umami and freshness while boosting texture and making every sip richer aroma.,Meatballs,Juicy meatballs add protein and comfort soaking up broth or sauce and turning a simple bowl into a full meal.
Singapore,3 Mien Gold Instant Pho Beef Flavour – Uniben,"3 Mien Gold Instant Pho Beef Flavour from Uniben is a well-loved instant noodle from Vietnam, built around beef-style flavour. It’s broth-forward: aroma hits first, then the noodles soak up seasoning as they cook, giving you a fuller bowl with every minute. The noodle texture is a key highlight—springy and slightly chewy when hot, with a smooth surface that absorbs broth or clings to sauce, so the flavour carries evenly from first bite to last.",75g,0,Meat (Beef),Soup,Beef,M5,"Eggs, Mushrooms, Spring onions",These toppings soften in the broth adding sweetness umami and freshness while boosting texture and making every sip richer aroma.,Meatballs,Juicy meatballs add protein and comfort soaking up broth or sauce and turning a simple bowl into a full meal.
Singapore,Mi Lau Thai Tom Shrimp Flavour – Acecook,"Mi Lau Thai Tom Shrimp Flavour from Acecook is a well-loved instant noodle from Vietnam, built around shrimp-style flavour. It’s broth-forward: aroma hits first, then the noodles soak up seasoning as they cook, giving you a fuller bowl with every minute. The noodle texture is a key highlight—springy and slightly chewy when hot, with a smooth surface that absorbs broth or clings to sauce, so the flavour carries evenly from first bite to last.",81g,0,Seafood,Soup,Seafood,M5,"Crab sticks, Seaweed, Bok choy",These toppings soften in the broth adding sweetness umami and freshness while boosting texture and making every sip richer aroma.,Shrimp katsu,Crispy shrimp katsu brings crunch and sweetness pairing with spicy noodles and giving a hearty bite between slurps umami aroma.
Singapore,Hao Hao Kim Chi Flavour – Acecook,"Hao Hao Kim Chi Flavour from Acecook is a well-loved instant noodle from Vietnam, built around kim chi-style flavour. It’s broth-forward: aroma hits first, then the noodles soak up seasoning as they cook, giving you a fuller bowl with every minute. The noodle texture is a key highlight—springy and slightly chewy when hot, with a smooth surface that absorbs broth or clings to sauce, so the flavour carries evenly from first bite to last.",77g,0,Vegetarian-friendly*,Soup,Vegetarian,M5,"Mushrooms, Tofu, Cabbage",These toppings soften in the broth adding sweetness umami and freshness while boosting texture and making every sip richer aroma.,Shrimp katsu,Crispy shrimp katsu brings crunch and sweetness pairing with spicy noodles and giving a hearty bite between slurps umami aroma.
Singapore,Hao Hao A. Flavoured Vegetable – Acecook,"Hao Hao A. Flavoured Vegetable from Acecook is a well-loved instant noodle from Vietnam, built around vegan-style flavour. It’s broth-forward: aroma hits first, then the noodles soak up seasoning as they cook, giving you a fuller bowl with every minute. The noodle texture is a key highlight—springy and slightly chewy when hot, with a smooth surface that absorbs broth or clings to sauce, so the flavour carries evenly from first bite to last.",75g,0,Vegetarian/Vegan,Soup,Vegetarian,M5,"Mushrooms, Tofu, Cabbage",These toppings soften in the broth adding sweetness umami and freshness while boosting texture and making every sip richer aroma.,Shrimp katsu,Crispy shrimp katsu brings crunch and sweetness pairing with spicy noodles and giving a hearty bite between slurps umami aroma.
Singapore,Mien Lau Thai – Vifon,"Mien Lau Thai from Vifon is a well-loved instant noodle from Vietnam, built around a signature flavour.",80g,0,Vegetarian-friendly*,Soup,Vegetarian,M5,"Mushrooms, Tofu, Cabbage",These toppings soften in the broth adding sweetness umami and freshness while boosting texture and making every sip richer aroma.,Shrimp katsu,Crispy shrimp katsu brings crunch and sweetness pairing with spicy noodles and giving a hearty bite between slurps umami aroma.
